filename,rows,columns_after_parse,normal_first,norm_second,decrescent_first,decrescent_second,random_first,random_second,crescent_first,crescent_second
74181.000.matrix,3,33,0.007991552352905273,0.0633535385131836,0.0010178089141845703,0.001039743423461914,0.0034737586975097656,0.015956640243530273,0.10371613502502441,0.10373711585998535
74181.001.matrix,2,24,0.0018038749694824219,0.012931108474731445,0.00072479248046875,0.0007452964782714844,0.0033235549926757812,0.017626523971557617,0.03879714012145996,0.03882122039794922
74181.002.matrix,2,24,0.0019114017486572266,0.0019316673278808594,0.0007183551788330078,0.0007371902465820312,0.0006935596466064453,0.002561330795288086,0.0229339599609375,0.0229644775390625
74181.003.matrix,2,10,0.006217479705810547,,0.00036525726318359375,,0.00630497932434082,,0.00667881965637207,
74181.004.matrix,2,15,0.0005238056182861328,0.0005476474761962891,0.0005152225494384766,0.0005362033843994141,0.0005056858062744141,0.0009045600891113281,0.0022847652435302734,0.0023086071014404297
74181.005.matrix,4,26,0.0017483234405517578,0.0017709732055664062,0.0009982585906982422,0.001020669937133789,0.0013206005096435547,0.001932382583618164,0.03168988227844238,0.03173995018005371
74181.006.matrix,2,17,0.009107589721679688,0.027493715286254883,0.0006349086761474609,0.027347326278686523,0.021530628204345703,0.02532362937927246,0.02657151222229004,0.026604652404785156
74181.007.matrix,2,5,0.0010344982147216797,0.0010671615600585938,0.0002276897430419922,0.001367807388305664,0.00040340423583984375,0.00122833251953125,0.0010845661163330078,0.0011279582977294922
74181.008.matrix,3,19,0.03404641151428223,,0.03404641151428223,,0.03404641151428223,,0.03404641151428223,
74181.009.matrix,3,23,0.023877382278442383,0.023903608322143555,0.00077056884765625,0.0007903575897216797,0.0013964176177978516,0.0014157295227050781,0.029033184051513672,0.029056310653686523
74181.010.matrix,7,34,0.5784175395965576,0.791762113571167,0.1646885871887207,0.2471778392791748,0.186798095703125,0.49568748474121094,1.727532148361206,1.7275640964508057
74181.011.matrix,6,46,5.65641975402832,5.656452178955078,0.3586595058441162,0.35869431495666504,1.2386960983276367,1.317107915878296,27.246856212615967,27.338874340057373
74181.012.matrix,8,35,,,,,,,,
74181.013.matrix,6,39,2.273794412612915,12.342436075210571,0.283221960067749,1.8887858390808105,4.873399257659912,4.873431444168091,22.66058897972107,23.42891812324524
74181.014.matrix,3,21,0.07621216773986816,0.11844635009765625,0.047351837158203125,0.07439088821411133,0.04789090156555176,0.0698862075805664,0.4038431644439697,0.40389418601989746
74181.015.matrix,9,47,,,,,,,,
74181.016.matrix,9,45,,,,,,,,
74181.017.matrix,8,33,,,,,,,,
74181.018.matrix,7,33,0.6556079387664795,0.8818464279174805,0.15892338752746582,0.2144756317138672,0.3837451934814453,0.7765772342681885,5.9317567348480225,5.931816577911377
74181.019.matrix,4,19,0.7446749210357666,0.7805097103118896,0.037424325942993164,0.044280052185058594,0.07195186614990234,0.08095693588256836,0.8067793846130371,0.8068313598632812
74181.020.matrix,12,38,,,,,,,,
74181.021.matrix,21,55,,,,,,,,
74181.022.matrix,8,43,,,,,,,,
74181.023.matrix,8,47,,,,,,,,
74181.024.matrix,12,46,,,,,,,,
74181.025.matrix,10,49,,,,,,,,
74181.026.matrix,5,30,,,,,,,,
74181.027.matrix,6,28,,,,,,,,
74181.028.matrix,10,45,,,,,,,,
74181.029.matrix,10,42,,,,,,,,
74181.030.matrix,12,46,,,,,,,,
74181.031.matrix,12,54,,,,,,,,
74181.032.matrix,42,57,,,,,,,,
74181.033.matrix,18,52,,,,,,,,
74181.034.matrix,15,45,,,,,,,,
74181.035.matrix,11,56,,,,,,,,
74181.036.matrix,14,52,,,,,,,,
74181.037.matrix,9,42,,,,,,,,
74181.038.matrix,17,51,,,,,,,,
74181.039.matrix,14,52,,,,,,,,
74181.040.matrix,18,56,,,,,,,,
74181.041.matrix,16,53,,,,,,,,
74181.042.matrix,28,53,,,,,,,,
74181.043.matrix,9,54,,,,,,,,
74181.044.matrix,19,59,,,,,,,,
74181.045.matrix,21,54,,,,,,,,
74181.046.matrix,40,59,,,,,,,,
74181.047.matrix,33,52,,,,,,,,
74181.048.matrix,18,52,,,,,,,,
74181.049.matrix,17,53,,,,,,,,
74181.050.matrix,31,51,,,,,,,,
74181.051.matrix,17,56,,,,,,,,
74181.052.matrix,11,55,,,,,,,,
74181.053.matrix,35,53,,,,,,,,
74182.000.matrix,2,4,0.0007004737854003906,0.0007367134094238281,0.00021123886108398438,0.0008969306945800781,0.00020360946655273438,0.0007848739624023438,0.0006477832794189453,0.0006830692291259766
74182.001.matrix,1,2,0.00014901161193847656,0.00017023086547851562,0.00014162063598632812,0.00016188621520996094,0.0001251697540283203,0.00014448165893554688,0.0001316070556640625,0.00015354156494140625
74182.002.matrix,1,3,0.00015664100646972656,0.00017905235290527344,0.00016307830810546875,0.0001838207244873047,0.0001499652862548828,0.00017023086547851562,0.00015974044799804688,0.00018024444580078125
74182.003.matrix,2,3,0.0003542900085449219,0.00038361549377441406,0.0001773834228515625,0.0004904270172119141,0.00032830238342285156,0.00035643577575683594,0.0003478527069091797,0.00037789344787597656
74182.004.matrix,2,3,0.0003597736358642578,0.0003902912139892578,0.0001850128173828125,0.0004966259002685547,0.000324249267578125,0.0003540515899658203,0.0003428459167480469,0.00037384033203125
74182.005.matrix,1,4,0.00018334388732910156,0.00020432472229003906,0.00018548965454101562,0.00020647048950195312,0.0001773834228515625,0.00019741058349609375,0.0001761913299560547,0.00019598007202148438
74182.006.matrix,1,1,0.00010728836059570312,,0.00010848045349121094,,0.00010013580322265625,,0.00010824203491210938,
74182.007.matrix,1,1,0.00011205673217773438,,0.00010824203491210938,,9.942054748535156e-05,,0.00010347366333007812,
74182.008.matrix,1,4,0.00018477439880371094,0.00020623207092285156,0.00020051002502441406,0.0002219676971435547,0.00017762184143066406,0.0001976490020751953,0.00018310546875,0.0002040863037109375
74182.009.matrix,1,1,0.00010657310485839844,,0.00010967254638671875,,0.00010609626770019531,,0.00010323524475097656,
74182.010.matrix,2,4,0.0010738372802734375,0.0010952949523925781,0.0010635852813720703,0.0010852813720703125,0.0010271072387695312,0.0010478496551513672,0.001049041748046875,0.0010707378387451172
74182.011.matrix,4,10,0.012819290161132812,0.012843132019042969,0.008265018463134766,0.008285760879516602,0.008086681365966797,0.008111715316772461,0.008277654647827148,0.008298873901367188
74182.012.matrix,2,6,0.0023450851440429688,0.0023665428161621094,0.002310514450073242,0.002343416213989258,0.002335071563720703,0.003010272979736328,0.0023865699768066406,0.003040313720703125
74182.013.matrix,3,8,0.004761934280395508,0.006377220153808594,0.004678487777709961,0.0046999454498291016,0.008075475692749023,0.010381221771240234,0.0089874267578125,0.011574506759643555
74182.014.matrix,2,3,0.0006465911865234375,0.0006699562072753906,0.0006151199340820312,0.0006363391876220703,0.0006265640258789062,0.0006537437438964844,0.000614166259765625,0.0006415843963623047
74182.015.matrix,2,9,0.006519317626953125,0.0065424442291259766,0.006561994552612305,0.006585359573364258,0.00654911994934082,0.006577014923095703,0.00654292106628418,0.006566286087036133
74182.016.matrix,2,4,0.0010483264923095703,0.0010721683502197266,0.0010454654693603516,0.0010669231414794922,0.0010311603546142578,0.0010614395141601562,0.0010476112365722656,0.0011000633239746094
74182.017.matrix,3,5,0.0022852420806884766,0.002308368682861328,0.0016641616821289062,0.0016870498657226562,0.0016582012176513672,0.0016789436340332031,0.002620220184326172,0.0026412010192871094
74182.018.matrix,4,7,0.008353471755981445,0.011687278747558594,0.0035376548767089844,0.011481523513793945,0.0035178661346435547,0.01195979118347168,0.009109735488891602,0.011458873748779297
74182.019.matrix,2,7,0.0034546852111816406,0.0034766197204589844,0.0034978389739990234,0.003519296646118164,0.003416776657104492,0.0034563541412353516,0.003444194793701172,0.003481149673461914
74182.020.matrix,5,11,0.09434652328491211,0.09437084197998047,0.09005165100097656,0.09009242057800293,0.09697151184082031,0.10377073287963867,0.2773730754852295,0.27740025520324707
74182.021.matrix,3,6,0.00624394416809082,0.0062673091888427734,0.006714344024658203,0.006739616394042969,0.0064542293548583984,0.0064868927001953125,0.0066356658935546875,0.006665945053100586
74182.022.matrix,3,12,0.12440872192382812,0.1244347095489502,0.12136435508728027,0.12138724327087402,0.11974310874938965,0.11977243423461914,0.11995983123779297,0.11999034881591797
74182.023.matrix,3,5,0.003113985061645508,0.003133058547973633,0.003665924072265625,0.0036897659301757812,0.0034017562866210938,0.0034263134002685547,0.0034074783325195312,0.0034284591674804688
74182.024.matrix,4,8,0.03276801109313965,0.032811641693115234,0.022572040557861328,0.022596359252929688,0.02168440818786621,0.021712303161621094,0.02258753776550293,0.022614002227783203
74182.025.matrix,3,11,0.082763671875,0.08278703689575195,0.08220648765563965,0.0822286605834961,0.08124208450317383,0.0813441276550293,0.08205389976501465,0.08216214179992676
74182.026.matrix,5,8,0.027222156524658203,0.05594205856323242,0.02116560935974121,0.05447220802307129,0.038439273834228516,0.05673575401306152,0.05426931381225586,0.0560154914855957
74182.027.matrix,3,6,0.006108760833740234,0.00612950325012207,0.006342887878417969,0.006364345550537109,0.006444692611694336,0.006465435028076172,0.006453037261962891,0.006474971771240234
74182.028.matrix,4,13,0.16579294204711914,0.16583847999572754,0.16372227668762207,0.16375064849853516,0.16420221328735352,0.16426539421081543,0.16441583633422852,0.16448116302490234
74182.029.matrix,3,10,0.0558314323425293,0.055853843688964844,0.05612063407897949,0.05614328384399414,0.057846784591674805,0.057906150817871094,0.05798792839050293,0.05802464485168457
74182.030.matrix,5,14,2.0601789951324463,2.0602312088012695,2.1026904582977295,2.1027233600616455,2.030015468597412,2.0301523208618164,1.9943444728851318,1.994481086730957
74182.031.matrix,7,14,2.7739694118499756,2.77402400970459,1.9978880882263184,1.998098611831665,1.9806454181671143,1.9810864925384521,1.9851710796356201,1.9851963520050049
74182.032.matrix,7,11,0.574821949005127,1.3109767436981201,0.42382144927978516,1.3004217147827148,0.4286332130432129,1.3615248203277588,1.2873528003692627,1.3033232688903809
74182.033.matrix,4,8,0.05577230453491211,0.05579519271850586,0.057765960693359375,0.05781698226928711,0.05640077590942383,0.05643153190612793,0.05631113052368164,0.056342363357543945
74182.034.matrix,4,14,1.9874703884124756,1.9874985218048096,2.0137500762939453,2.0137765407562256,1.987015724182129,1.9871470928192139,1.983778476715088,1.983917474746704
74182.035.matrix,4,10,0.2337484359741211,0.23377251625061035,0.2317485809326172,0.23177385330200195,0.23054957389831543,0.23057794570922852,0.2318100929260254,0.2318401336669922
74182.036.matrix,4,15,3.149184465408325,3.14921236038208,3.154064655303955,3.1540918350219727,3.1516993045806885,3.1517348289489746,3.152594566345215,3.152632713317871
74182.037.matrix,4,8,0.05827832221984863,0.05830240249633789,0.058193206787109375,0.05821537971496582,0.05563783645629883,0.05565977096557617,0.05667591094970703,0.056699275970458984
74182.038.matrix,5,9,0.12346291542053223,0.12348651885986328,0.12345767021179199,0.12348079681396484,0.1247856616973877,0.12816739082336426,0.13875365257263184,0.15003490447998047
74182.039.matrix,4,13,1.2153041362762451,1.2153329849243164,1.2540364265441895,1.2540640830993652,1.2551214694976807,1.2552578449249268,1.2207419872283936,1.2208452224731445
74182.040.matrix,5,19,,,,,,,,
74182.041.matrix,5,18,,,,,,,,
74182.042.matrix,5,18,,,,,,,,
74182.043.matrix,5,13,5.854538202285767,5.854589939117432,5.79285192489624,5.792882680892944,5.853525161743164,5.853588342666626,5.910492897033691,5.910566806793213
74182.044.matrix,5,18,,,,,,,,
74182.045.matrix,8,16,,,,,,,,
74182.046.matrix,6,14,11.732326745986938,11.732353687286377,11.417399883270264,11.417430639266968,11.484525442123413,11.484585762023926,11.443328142166138,11.44370150566101
74182.047.matrix,5,13,5.842865705490112,5.842892646789551,5.785234212875366,5.785262107849121,5.772420167922974,5.772453784942627,5.825704097747803,5.825737714767456
74182.048.matrix,6,11,1.3423349857330322,1.3423717021942139,1.3241331577301025,1.3241610527038574,1.3405838012695312,1.3406131267547607,1.3121423721313477,1.3121755123138428
74182.049.matrix,7,18,,,,,,,,
74283.000.matrix,5,28,0.0019152164459228516,0.0077517032623291016,0.0010492801666259766,0.0010716915130615234,0.0014154911041259766,0.001435995101928711,0.06076836585998535,0.0607907772064209
74283.001.matrix,4,24,0.007805347442626953,0.007826566696166992,0.0008993148803710938,0.0009212493896484375,0.0016012191772460938,0.001621246337890625,0.04037165641784668,0.040398359298706055
74283.002.matrix,4,23,0.007882356643676758,0.007910966873168945,0.0008683204650878906,0.0008909702301025391,0.01828622817993164,0.033423423767089844,0.0372006893157959,0.03722500801086426
74283.003.matrix,4,18,0.0009343624114990234,0.0028429031372070312,0.0006892681121826172,0.0007128715515136719,0.0006835460662841797,0.0008525848388671875,0.014304399490356445,0.01432943344116211
74283.004.matrix,3,12,0.0006594657897949219,0.0010731220245361328,0.0004467964172363281,0.0004677772521972656,0.0006852149963378906,0.0007071495056152344,0.0037331581115722656,0.0037567615509033203
74283.005.matrix,3,13,0.00069427490234375,0.001649618148803711,0.0004773139953613281,0.0004990100860595703,0.00046372413635253906,0.0008022785186767578,0.0050890445709228516,0.00511622428894043
74283.006.matrix,6,20,0.0008335113525390625,0.006810903549194336,0.0008745193481445312,0.0008959770202636719,0.0037293434143066406,0.0060083866119384766,0.014987468719482422,0.015016317367553711
74283.007.matrix,3,17,0.0006005764007568359,0.003740072250366211,0.0006554126739501953,0.0006783008575439453,0.0006127357482910156,0.0007691383361816406,0.014182806015014648,0.014206409454345703
74283.008.matrix,3,16,0.0005450248718261719,0.003462553024291992,0.0005755424499511719,0.0005967617034912109,0.0005476474761962891,0.0006918907165527344,0.007046699523925781,0.007076263427734375
74283.009.matrix,3,15,0.0005602836608886719,0.002686738967895508,0.0005662441253662109,0.00058746337890625,0.0005395412445068359,0.001024484634399414,0.00897669792175293,0.008998394012451172
74283.010.matrix,9,31,0.9843809604644775,0.9844100475311279,0.13490891456604004,0.13493919372558594,0.23660898208618164,0.2768220901489258,5.711624622344971,5.71165657043457
74283.011.matrix,9,28,0.09971451759338379,0.19136691093444824,0.09838461875915527,0.3184208869934082,0.09736824035644531,0.0973958969116211,1.8214695453643799,1.8985767364501953
74283.012.matrix,9,28,0.17836999893188477,0.185621976852417,0.10650038719177246,0.10654067993164062,0.19861912727355957,0.19864797592163086,3.009979486465454,3.060800075531006
74283.013.matrix,7,31,0.13741016387939453,0.1374363899230957,0.12899017333984375,0.1290135383605957,0.2553284168243408,0.289900541305542,1.356870412826538,1.3568966388702393
74283.014.matrix,18,31,0.13994884490966797,0.15608763694763184,0.12935733795166016,0.12939739227294922,0.22623395919799805,0.25055813789367676,2.5617196559906006,2.5821495056152344
74283.015.matrix,9,33,,,,,,,,
74283.016.matrix,15,30,0.37272119522094727,0.3892033100128174,0.12004566192626953,0.12007403373718262,0.12622404098510742,0.13524866104125977,1.635511875152588,1.6503841876983643
74283.017.matrix,10,31,0.367997407913208,0.37832140922546387,0.1278393268585205,0.12787699699401855,0.2288682460784912,0.23279142379760742,1.0772104263305664,1.0772366523742676
74283.018.matrix,8,27,0.0914914608001709,0.10398554801940918,0.08897757530212402,0.08900117874145508,0.08867740631103516,0.08872580528259277,1.772779941558838,1.7728066444396973
74283.019.matrix,12,35,,,,,,,,
74283.020.matrix,17,36,,,,,,,,
74283.021.matrix,12,33,,,,,,,,
74283.022.matrix,50,36,,,,,,,,
74283.023.matrix,21,33,,,,,,,,
74283.024.matrix,21,35,,,,,,,,
74283.025.matrix,13,33,,,,,,,,
74283.026.matrix,36,36,,,,,,,,
74283.027.matrix,35,36,,,,,,,,
74283.028.matrix,27,35,,,,,,,,
74283.029.matrix,15,34,,,,,,,,
74L85.000.matrix,2,8,0.0018258094787597656,0.002691030502319336,0.0003330707550048828,0.00035572052001953125,0.0003192424774169922,0.0010673999786376953,0.002545595169067383,0.0025680065155029297
74L85.001.matrix,4,19,0.0019159317016601562,0.0019388198852539062,0.0007493495941162109,0.0007717609405517578,0.0007274150848388672,0.004076242446899414,0.012729644775390625,0.01276087760925293
74L85.002.matrix,4,16,0.0017468929290771484,0.0017750263214111328,0.0006403923034667969,0.0006616115570068359,0.0008792877197265625,0.004857540130615234,0.011856317520141602,0.011880874633789062
74L85.003.matrix,2,7,0.00249481201171875,0.0025262832641601562,0.0003058910369873047,0.0030698776245117188,0.0024406909942626953,0.0024716854095458984,0.0024864673614501953,0.002518177032470703
74L85.004.matrix,4,21,0.0014750957489013672,0.0014977455139160156,0.0007555484771728516,0.0007762908935546875,0.0007359981536865234,0.0009121894836425781,0.01833486557006836,0.01835918426513672
74L85.005.matrix,1,1,0.0001418590545654297,,0.00011157989501953125,,9.72747802734375e-05,,9.655952453613281e-05,
74L85.006.matrix,1,7,0.00025844573974609375,0.00027823448181152344,0.00023984909057617188,0.0002593994140625,0.00023484230041503906,0.0002551078796386719,0.00024199485778808594,0.00026106834411621094
74L85.007.matrix,2,10,0.0003414154052734375,0.00045108795166015625,0.00036215782165527344,0.0003826618194580078,0.00033664703369140625,0.0003552436828613281,0.00034308433532714844,0.00036263465881347656
74L85.008.matrix,3,13,0.0038166046142578125,0.003838777542114258,0.0004649162292480469,0.00048542022705078125,0.0004572868347167969,0.0011861324310302734,0.0037462711334228516,0.0037674903869628906
74L85.009.matrix,2,7,0.0023305416107177734,0.0023610591888427734,0.0002951622009277344,0.0029778480529785156,0.0002815723419189453,0.0027778148651123047,0.0022656917572021484,0.002294301986694336
74L85.010.matrix,5,25,1.7919471263885498,2.1307966709136963,0.09337425231933594,0.3286905288696289,0.07692837715148926,0.1746070384979248,1.6670794486999512,1.6671130657196045
74L85.011.matrix,4,12,0.06539320945739746,0.07788944244384766,0.013520479202270508,0.01860356330871582,0.012982845306396484,0.013049840927124023,0.012961864471435547,0.01298379898071289
74L85.012.matrix,5,22,0.19281411170959473,0.26012110710144043,0.05799221992492676,0.0892331600189209,0.2936580181121826,0.2936840057373047,0.3225820064544678,0.32261085510253906
74L85.013.matrix,4,15,0.2962958812713623,0.3169279098510742,0.025064468383789062,0.025099992752075195,0.10843420028686523,0.3048665523529053,0.2813143730163574,0.2882263660430908
74L85.014.matrix,6,21,0.17686009407043457,0.18048930168151855,0.04809927940368652,0.04812502861022949,0.05235743522644043,0.05237770080566406,0.4229879379272461,0.4441344738006592
74L85.015.matrix,6,20,0.26050519943237305,0.3236861228942871,0.054093360900878906,0.08134269714355469,0.045127153396606445,0.30923008918762207,0.5295729637145996,0.5295975208282471
74L85.016.matrix,2,14,0.017433643341064453,0.017459630966186523,0.01755547523498535,0.017586708068847656,0.01737809181213379,0.017400264739990234,0.017627716064453125,0.017650127410888672
74L85.017.matrix,5,20,0.19794058799743652,0.2545595169067383,0.0427093505859375,0.06556224822998047,0.2626783847808838,0.32677698135375977,0.18200135231018066,0.18202900886535645
74L85.018.matrix,5,15,0.02095174789428711,0.021010398864746094,0.021599292755126953,0.021625518798828125,0.021105051040649414,0.02114129066467285,0.023814916610717773,0.025373458862304688
74L85.019.matrix,3,11,0.010604143142700195,0.019956350326538086,0.010648250579833984,0.014490842819213867,0.01055288314819336,0.013365745544433594,0.010788679122924805,0.010811328887939453
74L85.020.matrix,7,19,10.650245189666748,11.724124431610107,0.8944897651672363,0.8945186138153076,0.9905579090118408,1.0709447860717773,5.795652389526367,5.816151857376099
74L85.021.matrix,4,15,1.7152950763702393,1.8291211128234863,0.2995173931121826,0.2996189594268799,0.45665764808654785,0.4567079544067383,0.47397398948669434,0.4740006923675537
74L85.022.matrix,9,26,3.786210298538208,3.7863552570343018,3.7418408393859863,3.741936445236206,3.8914058208465576,3.8914597034454346,25.15006732940674,25.226762771606445
74L85.023.matrix,9,26,3.783458948135376,3.783522605895996,3.7374608516693115,3.7376763820648193,3.739360809326172,3.739663600921631,3.739360809326172,3.739663600921631
74L85.024.matrix,3,15,0.3052210807800293,0.30536317825317383,0.3114030361175537,0.31154537200927734,0.3096957206726074,0.30983400344848633,0.3072702884674072,0.3074188232421875
74L85.025.matrix,6,23,2.1119492053985596,,2.1119492053985596,,2.1119492053985596,,2.1119492053985596,
74L85.026.matrix,9,25,3.218992233276367,3.2200825214385986,3.2491531372070312,3.8866519927978516,6.685099363327026,9.100077867507935,3.4498291015625,3.4498586654663086
74L85.027.matrix,5,14,0.22869181632995605,0.2287583351135254,0.23041057586669922,0.23048067092895508,0.2318108081817627,0.23189902305603027,0.22906017303466797,0.22908759117126465
c1355.000.matrix,4,152,12.313847064971924,12.796074628829956,0.004894256591796875,0.004918336868286133,0.0909261703491211,5.365437984466553,13.484663248062134,13.484693765640259
c1355.001.matrix,2,57,0.3464045524597168,0.38626790046691895,0.0016055107116699219,0.0016248226165771484,0.0022170543670654297,0.01780986785888672,0.5472018718719482,0.5472269058227539
c1355.002.matrix,2,56,0.345447301864624,0.4267556667327881,0.0015900135040283203,0.0016126632690429688,0.00644230842590332,0.016614198684692383,0.519660472869873,0.5196852684020996
c1355.003.matrix,4,152,12.473326206207275,12.958896160125732,0.005048036575317383,0.00506901741027832,0.028573274612426758,0.35584545135498047,13.459761381149292,13.459818363189697
c1355.004.matrix,3,115,4.29590630531311,4.525516033172607,0.003563404083251953,0.0035886764526367188,0.007280588150024414,0.05051112174987793,5.242354154586792,5.242380380630493
c1355.005.matrix,2,86,2.004680871963501,2.0047073364257812,0.0023963451385498047,0.002416849136352539,0.0035295486450195312,0.025153398513793945,2.0257811546325684,2.0258312225341797
c1355.008.matrix,2,86,2.002124309539795,2.0021493434906006,0.0023691654205322266,0.0023894309997558594,0.02827596664428711,0.23993229866027832,2.0230417251586914,2.023071527481079
c1355.009.matrix,2,88,2.1479265689849854,2.1479527950286865,0.0025458335876464844,0.002567768096923828,0.03647613525390625,0.3404874801635742,2.1727957725524902,2.1728222370147705
c1355.010.matrix,6,174,,,,,,,,
c1355.011.matrix,7,109,,,,,,,,
c1355.012.matrix,6,158,16.43660831451416,16.436650037765503,16.305715322494507,16.305747747421265,16.305715322494507,16.305747747421265,16.305715322494507,16.305747747421265
c1355.013.matrix,5,109,,,,,,,,
c1355.014.matrix,7,180,,,,,,,,
c1355.015.matrix,5,130,,,,,,,,
c1355.018.matrix,5,138,,,,,,,,
c1355.019.matrix,5,168,,,,,,,,
c1355.020.matrix,5,157,,,,,,,,
c1355.021.matrix,16,240,,,,,,,,
c1355.022.matrix,8,165,,,,,,,,
c1355.023.matrix,10,228,,,,,,,,
c1355.025.matrix,7,162,,,,,,,,
c1355.028.matrix,7,231,,,,,,,,
c1355.029.matrix,11,241,,,,,,,,
c1355.030.matrix,5,171,,,,,,,,
c1355.031.matrix,5,186,,,,,,,,
c1355.032.matrix,9,186,,,,,,,,
c1355.033.matrix,15,253,,,,,,,,
c1355.034.matrix,21,302,,,,,,,,
c1355.038.matrix,15,267,,,,,,,,
c1355.039.matrix,5,162,,,,,,,,
c1355.040.matrix,25,320,,,,,,,,
c1355.041.matrix,25,313,,,,,,,,
c1355.042.matrix,9,235,,,,,,,,
c1355.043.matrix,11,237,,,,,,,,
c1355.045.matrix,6,184,,,,,,,,
c1355.048.matrix,10,226,,,,,,,,
c1355.049.matrix,19,210,,,,,,,,
c1355.050.matrix,17,260,,,,,,,,
c1355.052.matrix,20,213,,,,,,,,
c1355.053.matrix,28,301,,,,,,,,
c1355.054.matrix,22,321,,,,,,,,
c1355.058.matrix,11,239,,,,,,,,
c1355.059.matrix,15,288,,,,,,,,
c1355.060.matrix,21,287,,,,,,,,
c1355.061.matrix,21,288,,,,,,,,
c1355.064.matrix,23,247,,,,,,,,
c1355.065.matrix,30,308,,,,,,,,
c1355.068.matrix,22,310,,,,,,,,
c1355.069.matrix,23,236,,,,,,,,
c1355.070.matrix,22,320,,,,,,,,
c1355.071.matrix,24,315,,,,,,,,
c1355.072.matrix,47,345,,,,,,,,
c1355.073.matrix,29,271,,,,,,,,
c1355.074.matrix,37,331,,,,,,,,
c1355.075.matrix,32,290,,,,,,,,
c1355.078.matrix,26,242,,,,,,,,
c1355.080.matrix,31,333,,,,,,,,
c1355.081.matrix,43,301,,,,,,,,
c1355.083.matrix,30,309,,,,,,,,
c1355.084.matrix,35,334,,,,,,,,
c1355.085.matrix,44,343,,,,,,,,
c1355.090.matrix,33,321,,,,,,,,
c1355.091.matrix,36,340,,,,,,,,
c1355.093.matrix,57,335,,,,,,,,
c1355.094.matrix,52,360,,,,,,,,
c1355.095.matrix,31,331,,,,,,,,
c1355.098.matrix,33,354,,,,,,,,
c1355.099.matrix,30,277,,,,,,,,
c1355.100.matrix,35,323,,,,,,,,
c1355.102.matrix,45,350,,,,,,,,
c1355.103.matrix,100,376,,,,,,,,
c1355.108.matrix,60,377,,,,,,,,
c1355.109.matrix,45,344,,,,,,,,
c1355.111.matrix,54,362,,,,,,,,
c1355.113.matrix,84,390,,,,,,,,
c1355.114.matrix,45,369,,,,,,,,
c1355.118.matrix,48,370,,,,,,,,
c1355.120.matrix,55,377,,,,,,,,
c1355.121.matrix,59,370,,,,,,,,
c1355.122.matrix,65,334,,,,,,,,
c1355.123.matrix,67,368,,,,,,,,
c1355.124.matrix,87,408,,,,,,,,
c1355.125.matrix,72,376,,,,,,,,
c1355.128.matrix,63,379,,,,,,,,
c1355.129.matrix,59,370,,,,,,,,
c1355.130.matrix,67,373,,,,,,,,
c1355.132.matrix,94,400,,,,,,,,
c1355.133.matrix,75,394,,,,,,,,
c1355.135.matrix,67,381,,,,,,,,
c1355.138.matrix,57,350,,,,,,,,
c1355.139.matrix,57,395,,,,,,,,
c1355.140.matrix,94,415,,,,,,,,
c1355.142.matrix,47,345,,,,,,,,
c1355.145.matrix,96,407,,,,,,,,
c1355.149.matrix,108,409,,,,,,,,
c1355.150.matrix,91,407,,,,,,,,
c1355.151.matrix,123,411,,,,,,,,
c1355.153.matrix,111,427,,,,,,,,
c1908.000.matrix,2,15,0.0012562274932861328,0.009507179260253906,0.0005276203155517578,0.0005526542663574219,0.0004928112030029297,0.003523111343383789,0.009173393249511719,0.00919651985168457
c1908.001.matrix,2,20,0.0014195442199707031,0.025255441665649414,0.0006880760192871094,0.0007119178771972656,0.000705718994140625,0.001302480697631836,0.024704933166503906,0.02472972869873047
c1908.002.matrix,2,23,0.0014414787292480469,0.0014641284942626953,0.0007016658782958984,0.0007226467132568359,0.001844167709350586,0.0036656856536865234,0.03491091728210449,0.03495931625366211
c1908.003.matrix,19,379,,,,,,,,
c1908.004.matrix,9,374,,,,,,,,
c1908.005.matrix,2,55,0.021389245986938477,0.5054805278778076,0.001680612564086914,0.001703023910522461,0.005141019821166992,0.08262372016906738,0.4927639961242676,0.49278926849365234
c1908.008.matrix,16,339,,,,,,,,
c1908.009.matrix,3,83,0.031050443649291992,1.3366703987121582,0.0025565624237060547,0.0025818347930908203,0.008321762084960938,0.2018730640411377,1.8162815570831299,1.8163106441497803
c1908.010.matrix,17,394,,,,,,,,
c1908.011.matrix,57,526,,,,,,,,
c1908.012.matrix,18,408,,,,,,,,
c1908.013.matrix,13,299,,,,,,,,
c1908.014.matrix,14,461,,,,,,,,
c1908.015.matrix,19,260,,,,,,,,
c1908.018.matrix,6,39,1.079054594039917,1.344069480895996,0.24371004104614258,0.24373769760131836,0.7627220153808594,0.8468704223632812,22.699481964111328,22.69951629638672
c1908.019.matrix,5,28,0.5428588390350342,0.6409564018249512,0.09962344169616699,0.09968209266662598,0.10482311248779297,0.118011474609375,2.014240026473999,2.014272451400757
c1908.020.matrix,8,49,,,,,,,,
c1908.021.matrix,21,425,,,,,,,,
c1908.022.matrix,9,44,,,,,,,,
c1908.023.matrix,15,401,,,,,,,,
c1908.024.matrix,54,473,,,,,,,,
c1908.025.matrix,16,312,,,,,,,,
c1908.028.matrix,22,367,,,,,,,,
c1908.029.matrix,22,498,,,,,,,,
c1908.030.matrix,25,395,,,,,,,,
c1908.031.matrix,54,537,,,,,,,,
c1908.032.matrix,10,221,,,,,,,,
c1908.033.matrix,83,501,,,,,,,,
c1908.034.matrix,20,474,,,,,,,,
c1908.035.matrix,17,319,,,,,,,,
c1908.038.matrix,14,72,,,,,,,,
c1908.039.matrix,14,57,,,,,,,,
c1908.040.matrix,96,528,,,,,,,,
c1908.041.matrix,26,445,,,,,,,,
c1908.042.matrix,27,409,,,,,,,,
c1908.043.matrix,34,542,,,,,,,,
c1908.044.matrix,35,421,,,,,,,,
c1908.045.matrix,19,240,,,,,,,,
c1908.048.matrix,23,377,,,,,,,,
c1908.049.matrix,19,293,,,,,,,,
c1908.050.matrix,34,401,,,,,,,,
c1908.051.matrix,19,308,,,,,,,,
c1908.052.matrix,60,526,,,,,,,,
c1908.053.matrix,70,544,,,,,,,,
c1908.054.matrix,33,513,,,,,,,,
c1908.055.matrix,65,598,,,,,,,,
c1908.058.matrix,29,232,,,,,,,,
c1908.059.matrix,40,450,,,,,,,,
c1908.060.matrix,68,580,,,,,,,,
c1908.061.matrix,51,590,,,,,,,,
c1908.062.matrix,50,603,,,,,,,,
c1908.063.matrix,30,177,,,,,,,,
c1908.064.matrix,36,427,,,,,,,,
c1908.065.matrix,71,620,,,,,,,,
c1908.068.matrix,24,328,,,,,,,,
c1908.069.matrix,59,584,,,,,,,,
c1908.070.matrix,89,661,,,,,,,,
c1908.071.matrix,65,619,,,,,,,,
c1908.072.matrix,22,169,,,,,,,,
c1908.073.matrix,48,445,,,,,,,,
c1908.074.matrix,37,415,,,,,,,,
c1908.075.matrix,42,372,,,,,,,,
c1908.078.matrix,60,565,,,,,,,,
c1908.079.matrix,102,597,,,,,,,,
c1908.080.matrix,84,569,,,,,,,,
c1908.081.matrix,61,446,,,,,,,,
c1908.082.matrix,76,610,,,,,,,,
c1908.083.matrix,50,403,,,,,,,,
c1908.084.matrix,66,550,,,,,,,,
c1908.085.matrix,36,369,,,,,,,,
c1908.088.matrix,95,645,,,,,,,,
c1908.089.matrix,32,398,,,,,,,,
c1908.090.matrix,76,610,,,,,,,,
c1908.091.matrix,81,498,,,,,,,,
c1908.092.matrix,93,561,,,,,,,,
c1908.093.matrix,58,493,,,,,,,,
c1908.094.matrix,82,518,,,,,,,,
c1908.095.matrix,66,459,,,,,,,,
c1908.098.matrix,42,195,,,,,,,,
c1908.099.matrix,54,610,,,,,,,,
c1908.100.matrix,88,570,,,,,,,,
c1908.101.matrix,71,647,,,,,,,,
c1908.102.matrix,86,549,,,,,,,,
c1908.103.matrix,94,633,,,,,,,,
c1908.104.matrix,69,572,,,,,,,,
c1908.105.matrix,74,544,,,,,,,,
c1908.108.matrix,64,533,,,,,,,,
c1908.109.matrix,82,455,,,,,,,,
c1908.110.matrix,110,617,,,,,,,,
c1908.111.matrix,92,534,,,,,,,,
c1908.112.matrix,63,505,,,,,,,,
c1908.113.matrix,60,554,,,,,,,,
c1908.114.matrix,93,445,,,,,,,,
c1908.115.matrix,78,393,,,,,,,,
c1908.118.matrix,91,521,,,,,,,,
c1908.119.matrix,79,416,,,,,,,,
c1908.120.matrix,94,436,,,,,,,,
c1908.121.matrix,75,392,,,,,,,,
c2670.000.matrix,1,1,0.00022673606872558594,,0.00011897087097167969,,9.465217590332031e-05,,9.679794311523438e-05,
c2670.001.matrix,1,1,0.00020503997802734375,,0.00013875961303710938,,9.274482727050781e-05,,0.00010323524475097656,
c2670.002.matrix,11,245,,,,,,,,
c2670.003.matrix,4,80,0.08794474601745605,1.8202497959136963,0.006388187408447266,1.992692470550537,0.043964385986328125,1.8605566024780273,1.8517601490020752,1.8521718978881836
c2670.004.matrix,1,1,0.00023674964904785156,,0.00012087821960449219,,0.00012230873107910156,,0.00010561943054199219,
c2670.005.matrix,16,319,,,,,,,,
c2670.008.matrix,1,1,0.0002727508544921875,,0.00011754035949707031,,0.00010418891906738281,,0.00010848045349121094,
c2670.009.matrix,7,98,0.09424018859863281,0.13778257369995117,0.003818511962890625,0.0038399696350097656,0.02197408676147461,0.14243292808532715,2.1175119876861572,2.117542266845703
c2670.010.matrix,3,4,0.0012042522430419922,0.0018184185028076172,0.0010333061218261719,0.0016584396362304688,0.0010044574737548828,0.0014309883117675781,0.001203298568725586,0.0014810562133789062
c2670.011.matrix,9,96,,,,,,,,
c2670.012.matrix,14,249,,,,,,,,
c2670.013.matrix,3,84,2.209291696548462,2.209317922592163,2.234673500061035,2.235069513320923,2.234673500061035,2.235069513320923,2.234673500061035,2.235069513320923
c2670.014.matrix,3,11,0.010720014572143555,0.010747909545898438,0.010956525802612305,0.011002540588378906,0.01654195785522461,0.019138097763061523,0.030094385147094727,0.03012228012084961
c2670.015.matrix,18,322,,,,,,,,
c2670.018.matrix,3,9,0.006369113922119141,0.006392717361450195,0.006129026412963867,0.006503105163574219,0.011397361755371094,0.02059459686279297,0.021294355392456055,0.021318674087524414
c2670.019.matrix,2,2,0.0005164146423339844,,0.0003147125244140625,,0.00031065940856933594,,0.0003046989440917969,
c2670.020.matrix,5,22,1.7366828918457031,1.7367463111877441,1.7357373237609863,1.7358124256134033,24.582822799682617,24.717336654663086,24.582822799682617,24.717336654663086
c2670.021.matrix,12,104,,,,,,,,
c2670.022.matrix,6,122,,,,,,,,
c2670.023.matrix,5,20,1.1158239841461182,5.674067258834839,1.1102337837219238,1.1103107929229736,1.6766855716705322,1.7100815773010254,19.918538570404053,23.18828797340393
c2670.024.matrix,4,6,0.006775379180908203,0.007926464080810547,0.006473064422607422,0.0065195560455322266,0.0062639713287353516,0.006651878356933594,0.006434917449951172,0.007631778717041016
c2670.025.matrix,15,250,,,,,,,,
c2670.028.matrix,6,26,3.975969076156616,3.9760100841522217,3.9504034519195557,3.9506046772003174,4.1092307567596436,4.109262704849243,9.044804334640503,9.044862747192383
c2670.029.matrix,3,45,,,,,,,,
c2670.030.matrix,5,86,,,,,,,,
c2670.031.matrix,19,333,,,,,,,,
c2670.032.matrix,6,13,1.2570693492889404,5.978790521621704,1.249974250793457,5.93856143951416,4.2732834815979,5.9303929805755615,4.716094255447388,5.947325229644775
c2670.033.matrix,5,51,,,,,,,,
c2670.034.matrix,9,131,,,,,,,,
c2670.035.matrix,6,24,,,,,,,,
c2670.038.matrix,7,28,,,,,,,,
c2670.039.matrix,6,10,0.2398545742034912,0.31634044647216797,0.2413480281829834,0.24141311645507812,0.3861846923828125,0.4247119426727295,0.5171332359313965,0.589580774307251
c2670.040.matrix,7,11,1.3431951999664307,1.3436520099639893,1.3466486930847168,1.3466765880584717,1.4610786437988281,1.7504959106445312,1.8970799446105957,2.699434518814087
c2670.041.matrix,6,52,,,,,,,,
c2670.042.matrix,8,99,,,,,,,,
c2670.043.matrix,11,75,,,,,,,,
c2670.044.matrix,7,25,,,,,,,,
c2670.045.matrix,16,110,,,,,,,,
c2670.048.matrix,8,21,,,,,,,,
c2670.049.matrix,18,255,,,,,,,,
c2670.050.matrix,11,75,,,,,,,,
c2670.051.matrix,12,143,,,,,,,,
c2670.052.matrix,12,98,,,,,,,,
c2670.053.matrix,21,269,,,,,,,,
c2670.054.matrix,9,101,,,,,,,,
c2670.055.matrix,8,52,,,,,,,,
c2670.058.matrix,24,368,,,,,,,,
c2670.059.matrix,7,54,,,,,,,,
c2670.060.matrix,14,139,,,,,,,,
c2670.061.matrix,11,76,,,,,,,,
c2670.062.matrix,9,53,,,,,,,,
c2670.063.matrix,13,72,,,,,,,,
c2670.064.matrix,11,107,,,,,,,,
c2670.065.matrix,8,55,,,,,,,,
c2670.068.matrix,17,221,,,,,,,,
c2670.069.matrix,25,370,,,,,,,,
c2670.070.matrix,10,58,,,,,,,,
c2670.071.matrix,19,159,,,,,,,,
c2670.072.matrix,20,119,,,,,,,,
c2670.073.matrix,11,107,,,,,,,,
c2670.074.matrix,14,105,,,,,,,,
c2670.075.matrix,12,70,,,,,,,,
c2670.078.matrix,13,75,,,,,,,,
c2670.079.matrix,12,78,,,,,,,,
c2670.080.matrix,28,376,,,,,,,,
c2670.081.matrix,14,180,,,,,,,,
c2670.082.matrix,13,71,,,,,,,,
c2670.083.matrix,13,70,,,,,,,,
c2670.084.matrix,21,163,,,,,,,,
c2670.085.matrix,21,121,,,,,,,,
c2670.088.matrix,14,88,,,,,,,,
c2670.089.matrix,19,232,,,,,,,,
c2670.090.matrix,15,155,,,,,,,,
c2670.091.matrix,16,107,,,,,,,,
c2670.092.matrix,21,163,,,,,,,,
c2670.094.matrix,16,110,,,,,,,,
c2670.095.matrix,14,75,,,,,,,,
c2670.098.matrix,14,88,,,,,,,,
c2670.099.matrix,15,181,,,,,,,,
c2670.100.matrix,15,77,,,,,,,,
c2670.101.matrix,30,382,,,,,,,,
c2670.102.matrix,21,236,,,,,,,,
c2670.103.matrix,20,269,,,,,,,,
c2670.104.matrix,23,222,,,,,,,,
c2670.105.matrix,27,146,,,,,,,,
c2670.108.matrix,22,164,,,,,,,,
c2670.109.matrix,33,344,,,,,,,,
c2670.110.matrix,30,382,,,,,,,,
c2670.112.matrix,17,183,,,,,,,,
c2670.113.matrix,19,165,,,,,,,,
c2670.114.matrix,26,423,,,,,,,,
c2670.115.matrix,23,165,,,,,,,,
c2670.118.matrix,35,348,,,,,,,,
c2670.120.matrix,25,266,,,,,,,,
c2670.121.matrix,20,167,,,,,,,,
c2670.122.matrix,27,425,,,,,,,,
c2670.124.matrix,33,332,,,,,,,,
c2670.125.matrix,17,97,,,,,,,,
c2670.128.matrix,26,157,,,,,,,,
c2670.129.matrix,25,180,,,,,,,,
c2670.130.matrix,22,203,,,,,,,,
c2670.131.matrix,20,167,,,,,,,,
c2670.132.matrix,33,363,,,,,,,,
c2670.133.matrix,28,227,,,,,,,,
c2670.134.matrix,27,191,,,,,,,,
c2670.135.matrix,35,403,,,,,,,,
c2670.138.matrix,19,185,,,,,,,,
c2670.140.matrix,19,185,,,,,,,,
c2670.142.matrix,35,367,,,,,,,,
c2670.144.matrix,22,177,,,,,,,,
c2670.145.matrix,27,369,,,,,,,,
c2670.149.matrix,20,237,,,,,,,,
c2670.150.matrix,23,321,,,,,,,,
c2670.151.matrix,35,256,,,,,,,,
c2670.152.matrix,23,205,,,,,,,,
c2670.154.matrix,28,370,,,,,,,,
c2670.158.matrix,23,181,,,,,,,,
c2670.159.matrix,24,127,,,,,,,,
c2670.160.matrix,44,476,,,,,,,,
c2670.161.matrix,36,261,,,,,,,,
c2670.162.matrix,36,349,,,,,,,,
c2670.163.matrix,25,156,,,,,,,,
c2670.164.matrix,29,162,,,,,,,,
c2670.165.matrix,24,222,,,,,,,,
c2670.169.matrix,24,182,,,,,,,,
c2670.170.matrix,30,378,,,,,,,,
c2670.171.matrix,26,194,,,,,,,,
c2670.172.matrix,38,353,,,,,,,,
c2670.173.matrix,27,166,,,,,,,,
c2670.174.matrix,46,480,,,,,,,,
c2670.175.matrix,42,272,,,,,,,,
c2670.179.matrix,30,163,,,,,,,,
c2670.180.matrix,31,164,,,,,,,,
c2670.184.matrix,28,361,,,,,,,,
c2670.185.matrix,25,213,,,,,,,,
c2670.188.matrix,28,167,,,,,,,,
c2670.189.matrix,40,377,,,,,,,,
c2670.190.matrix,43,274,,,,,,,,
c2670.191.matrix,29,362,,,,,,,,
c2670.193.matrix,32,237,,,,,,,,
c2670.199.matrix,27,256,,,,,,,,
c2670.201.matrix,44,284,,,,,,,,
c2670.203.matrix,40,353,,,,,,,,
c2670.204.matrix,31,273,,,,,,,,
c2670.208.matrix,30,291,,,,,,,,
c2670.210.matrix,30,291,,,,,,,,
c2670.211.matrix,32,275,,,,,,,,
c2670.212.matrix,34,235,,,,,,,,
c2670.213.matrix,29,285,,,,,,,,
c2670.214.matrix,36,306,,,,,,,,
c2670.215.matrix,50,447,,,,,,,,
c2670.221.matrix,34,193,,,,,,,,
c2670.223.matrix,35,206,,,,,,,,
c2670.224.matrix,27,259,,,,,,,,
c2670.225.matrix,31,289,,,,,,,,
c2670.228.matrix,33,276,,,,,,,,
c2670.229.matrix,35,206,,,,,,,,
c2670.230.matrix,44,376,,,,,,,,
c2670.232.matrix,35,195,,,,,,,,
c2670.234.matrix,38,181,,,,,,,,
c2670.235.matrix,35,302,,,,,,,,
c2670.239.matrix,38,181,,,,,,,,
c2670.240.matrix,36,196,,,,,,,,
c2670.241.matrix,35,302,,,,,,,,
c2670.244.matrix,38,181,,,,,,,,
c2670.248.matrix,42,192,,,,,,,,
c2670.249.matrix,39,391,,,,,,,,
c2670.251.matrix,39,206,,,,,,,,
c3540.000.matrix,3,101,1.3818449974060059,1.542579174041748,0.0031805038452148438,0.003205537796020508,0.24150991439819336,0.8617844581604004,3.4459893703460693,3.446038246154785
c3540.002.matrix,4,52,0.00186920166015625,0.0018925666809082031,0.001750946044921875,0.0017936229705810547,0.0017237663269042969,0.0022575855255126953,0.045558929443359375,0.045584678649902344
c3540.003.matrix,2,61,0.7392866611480713,0.739311695098877,0.001789093017578125,0.0018115043640136719,0.005525827407836914,0.2235426902770996,0.7377519607543945,0.7377793788909912
c3540.004.matrix,10,310,,,,,,,,
c3540.005.matrix,1,42,0.0013005733489990234,0.001323699951171875,0.001157999038696289,0.0011801719665527344,0.0011317729949951172,0.0011525154113769531,0.001146554946899414,0.0011670589447021484
c3540.008.matrix,1,55,0.0016129016876220703,0.0016367435455322266,0.001455545425415039,0.0014767646789550781,0.0014379024505615234,0.0014581680297851562,0.0013806819915771484,0.0014023780822753906
c3540.009.matrix,3,50,0.009508848190307617,0.04089927673339844,0.0016360282897949219,0.0016591548919677734,0.0015499591827392578,0.16729235649108887,0.41072750091552734,0.41077494621276855
c3540.011.matrix,4,124,7.536456823348999,7.536484241485596,7.529565811157227,7.529614448547363,9.396588802337646,10.979879379272461,9.396588802337646,10.979879379272461
c3540.012.matrix,35,619,,,,,,,,
c3540.013.matrix,17,364,,,,,,,,
c3540.015.matrix,10,341,,,,,,,,
c3540.019.matrix,10,267,,,,,,,,
c3540.020.matrix,13,301,,,,,,,,
c3540.021.matrix,15,323,,,,,,,,
c3540.022.matrix,7,203,,,,,,,,
c3540.024.matrix,17,260,,,,,,,,
c3540.025.matrix,24,494,,,,,,,,
c3540.028.matrix,104,745,,,,,,,,
c3540.030.matrix,8,247,,,,,,,,
c3540.032.matrix,192,833,,,,,,,,
c3540.034.matrix,18,340,,,,,,,,
c3540.035.matrix,54,661,,,,,,,,
c3540.040.matrix,26,604,,,,,,,,
c3540.052.matrix,30,401,,,,,,,,
c3540.053.matrix,16,258,,,,,,,,
c3540.063.matrix,30,744,,,,,,,,
c3540.068.matrix,154,808,,,,,,,,
c3540.073.matrix,122,759,,,,,,,,
c3540.081.matrix,82,659,,,,,,,,
c3540.091.matrix,96,737,,,,,,,,
c3540.094.matrix,57,612,,,,,,,,
c3540.099.matrix,101,695,,,,,,,,
c3540.102.matrix,102,732,,,,,,,,
c3540.105.matrix,82,731,,,,,,,,
c3540.109.matrix,58,609,,,,,,,,
c3540.112.matrix,103,703,,,,,,,,
c432.000.matrix,4,53,0.539600133895874,23.94006609916687,0.003225088119506836,0.5432403087615967,0.0028612613677978516,0.5395939350128174,0.5282599925994873,1.0955479145050049
c432.001.matrix,4,25,0.06990933418273926,0.20085453987121582,0.0012359619140625,0.07254338264465332,0.012979269027709961,0.07135605812072754,0.06978797912597656,0.06993818283081055
c432.002.matrix,4,58,0.008529186248779297,0.0817713737487793,0.001886606216430664,0.0019075870513916016,0.016267776489257812,0.07468891143798828,0.6184482574462891,0.6184742450714111
c432.003.matrix,2,17,0.007279157638549805,0.02039813995361328,0.0005853176116943359,0.0006105899810791016,0.0031435489654541016,0.005846261978149414,0.019846439361572266,0.01987004280090332
c432.004.matrix,2,51,0.25779128074645996,0.4617941379547119,0.002595186233520508,0.6850788593292236,0.19586181640625,0.4823637008666992,0.4603705406188965,0.4604074954986572
c432.005.matrix,4,16,0.00541234016418457,0.007208824157714844,0.0006716251373291016,0.0006964206695556641,0.0006306171417236328,0.0006518363952636719,0.014037609100341797,0.014066219329833984
c432.006.matrix,3,29,0.031192541122436523,0.1044015884399414,0.0013017654418945312,0.10545969009399414,0.08849501609802246,0.10508894920349121,0.10212111473083496,0.1022789478302002
c432.007.matrix,4,36,0.11902403831481934,0.1850275993347168,0.0018274784088134766,0.20967388153076172,0.025092124938964844,0.18685007095336914,0.18321466445922852,0.18342280387878418
c432.008.matrix,5,39,0.02608346939086914,0.13086175918579102,0.0016026496887207031,0.0016279220581054688,0.011353015899658203,0.014404535293579102,0.14834117889404297,0.14836502075195312
c432.009.matrix,2,66,0.6115996837615967,0.7290427684783936,0.001943349838256836,0.001966238021850586,0.0018696784973144531,0.02093648910522461,0.9058260917663574,0.9058642387390137
c432.010.matrix,10,71,,,,,,,,
c432.011.matrix,7,75,,,,,,,,
c432.012.matrix,9,61,,,,,,,,
c432.013.matrix,7,67,14.630053520202637,14.734402179718018,1.0674238204956055,1.0675077438354492,1.0674238204956055,1.0675077438354492,1.0674238204956055,1.0675077438354492
c432.014.matrix,16,94,,,,,,,,
c432.015.matrix,6,32,0.8974311351776123,2.416172504425049,0.14246463775634766,0.14251375198364258,1.353835105895996,1.952599287033081,0.7705132961273193,1.2562990188598633
c432.016.matrix,6,83,,,,,,,,
c432.017.matrix,8,43,,,,,,,,
c432.018.matrix,11,103,,,,,,,,
c432.019.matrix,12,93,,,,,,,,
c432.020.matrix,12,68,,,,,,,,
c432.021.matrix,6,79,,,,,,,,
c432.022.matrix,17,99,,,,,,,,
c432.023.matrix,24,107,,,,,,,,
c432.024.matrix,20,114,,,,,,,,
c432.025.matrix,12,105,,,,,,,,
c432.026.matrix,18,84,,,,,,,,
c432.027.matrix,9,63,,,,,,,,
c432.028.matrix,8,97,,,,,,,,
c432.029.matrix,12,78,,,,,,,,
c432.030.matrix,19,100,,,,,,,,
c432.031.matrix,16,100,,,,,,,,
c432.032.matrix,21,104,,,,,,,,
c432.033.matrix,35,127,,,,,,,,
c432.034.matrix,15,103,,,,,,,,
c432.035.matrix,18,99,,,,,,,,
c432.036.matrix,11,67,,,,,,,,
c432.037.matrix,33,117,,,,,,,,
c432.038.matrix,14,87,,,,,,,,
c432.039.matrix,19,99,,,,,,,,
c432.040.matrix,40,112,,,,,,,,
c432.041.matrix,21,109,,,,,,,,
c432.042.matrix,24,102,,,,,,,,
c432.043.matrix,21,74,,,,,,,,
c432.044.matrix,35,107,,,,,,,,
c499.000.matrix,2,30,0.10341668128967285,0.10344052314758301,0.0009307861328125,0.0009505748748779297,0.0016434192657470703,0.0023789405822753906,0.1034703254699707,0.10349488258361816
c499.001.matrix,3,45,0.3008687496185303,0.3189711570739746,0.001489877700805664,0.0015180110931396484,0.037362098693847656,0.0419459342956543,0.3160531520843506,0.3160827159881592
c499.002.matrix,3,42,0.23937320709228516,0.25392842292785645,0.0013399124145507812,0.0013718605041503906,0.0012624263763427734,0.007717132568359375,0.27465176582336426,0.2746765613555908
c499.003.matrix,2,29,0.0945885181427002,0.09463834762573242,0.0009527206420898438,0.0009753704071044922,0.0008881092071533203,0.04498147964477539,0.09228014945983887,0.09230208396911621
c499.004.matrix,2,29,0.0920259952545166,0.09207367897033691,0.00089263916015625,0.0009131431579589844,0.019171953201293945,0.055283546447753906,0.09197998046875,0.0920267105102539
c499.005.matrix,2,27,0.0011992454528808594,0.0012209415435791016,0.0008640289306640625,0.0008857250213623047,0.0016591548919677734,0.015001535415649414,0.05357027053833008,0.053592681884765625
c499.008.matrix,2,19,0.026965618133544922,0.030787229537963867,0.0006530284881591797,0.0006756782531738281,0.023754596710205078,0.023781299591064453,0.030978679656982422,0.031002521514892578
c499.009.matrix,2,29,0.09320068359375,0.09325122833251953,0.0008904933929443359,0.0009126663208007812,0.0011730194091796875,0.014596700668334961,0.09164094924926758,0.09166502952575684
c499.010.matrix,5,45,,,,,,,,
c499.011.matrix,5,59,,,,,,,,
c499.012.matrix,5,65,,,,,,,,
c499.013.matrix,6,62,,,,,,,,
c499.014.matrix,5,45,1.114976167678833,1.141423225402832,0.35249996185302734,0.35253214836120605,6.269443035125732,7.102624416351318,6.269443035125732,7.102624416351318
c499.015.matrix,7,74,,,,,,,,
c499.018.matrix,5,40,27.5172119140625,27.956440210342407,0.24995708465576172,0.24998950958251953,1.8921606540679932,1.8921895027160645,1.8921606540679932,1.8921895027160645
c499.019.matrix,4,47,,,,,,,,
c499.020.matrix,7,57,,,,,,,,
c499.021.matrix,10,86,,,,,,,,
c499.022.matrix,9,93,,,,,,,,
c499.023.matrix,9,74,,,,,,,,
c499.024.matrix,11,57,,,,,,,,
c499.025.matrix,9,89,,,,,,,,
c499.028.matrix,6,51,,,,,,,,
c499.029.matrix,9,81,,,,,,,,
c499.030.matrix,9,67,,,,,,,,
c499.031.matrix,9,81,,,,,,,,
c499.032.matrix,9,59,,,,,,,,
c499.033.matrix,4,62,,,,,,,,
c499.034.matrix,15,107,,,,,,,,
c499.035.matrix,14,92,,,,,,,,
c499.038.matrix,5,57,,,,,,,,
c499.039.matrix,15,112,,,,,,,,
c499.040.matrix,14,88,,,,,,,,
c499.041.matrix,18,111,,,,,,,,
c499.042.matrix,20,112,,,,,,,,
c499.043.matrix,13,100,,,,,,,,
c499.044.matrix,9,65,,,,,,,,
c499.045.matrix,14,106,,,,,,,,
c499.048.matrix,17,110,,,,,,,,
c499.049.matrix,11,76,,,,,,,,
c499.050.matrix,16,98,,,,,,,,
c499.051.matrix,23,99,,,,,,,,
c499.052.matrix,20,117,,,,,,,,
c499.053.matrix,22,109,,,,,,,,
c499.054.matrix,15,96,,,,,,,,
c499.055.matrix,18,106,,,,,,,,
c499.058.matrix,16,98,,,,,,,,
c499.059.matrix,21,109,,,,,,,,
c499.060.matrix,28,122,,,,,,,,
c499.061.matrix,16,92,,,,,,,,
c499.062.matrix,28,123,,,,,,,,
c499.063.matrix,28,126,,,,,,,,
c499.064.matrix,18,108,,,,,,,,
c499.065.matrix,23,120,,,,,,,,
c499.068.matrix,31,128,,,,,,,,
c499.069.matrix,20,103,,,,,,,,
c499.070.matrix,40,133,,,,,,,,
c499.071.matrix,34,122,,,,,,,,
c499.072.matrix,27,136,,,,,,,,
c499.073.matrix,26,114,,,,,,,,
c499.074.matrix,30,131,,,,,,,,
c499.075.matrix,28,130,,,,,,,,
c499.078.matrix,29,122,,,,,,,,
c499.079.matrix,33,124,,,,,,,,
c499.080.matrix,47,144,,,,,,,,
c499.081.matrix,34,133,,,,,,,,
c499.082.matrix,45,141,,,,,,,,
c499.083.matrix,41,136,,,,,,,,
c499.084.matrix,28,109,,,,,,,,
c499.085.matrix,50,152,,,,,,,,
c499.088.matrix,33,141,,,,,,,,
c499.089.matrix,33,125,,,,,,,,
c499.090.matrix,41,145,,,,,,,,
c499.091.matrix,54,152,,,,,,,,
c499.092.matrix,46,145,,,,,,,,
c499.093.matrix,40,136,,,,,,,,
c499.094.matrix,47,152,,,,,,,,
c499.095.matrix,49,148,,,,,,,,
c499.098.matrix,39,118,,,,,,,,
c499.099.matrix,53,146,,,,,,,,
c499.100.matrix,62,161,,,,,,,,
c499.101.matrix,55,165,,,,,,,,
c499.102.matrix,54,164,,,,,,,,
c499.103.matrix,47,150,,,,,,,,
c499.104.matrix,74,164,,,,,,,,
c499.105.matrix,48,153,,,,,,,,
c499.106.matrix,57,156,,,,,,,,
c499.107.matrix,47,134,,,,,,,,
c499.108.matrix,55,155,,,,,,,,
c499.109.matrix,39,148,,,,,,,,
c499.110.matrix,55,153,,,,,,,,
c499.111.matrix,69,161,,,,,,,,
c499.112.matrix,41,145,,,,,,,,
c499.113.matrix,47,156,,,,,,,,
c499.114.matrix,55,160,,,,,,,,
c499.115.matrix,74,168,,,,,,,,
c499.116.matrix,60,169,,,,,,,,
c499.117.matrix,58,151,,,,,,,,
c499.118.matrix,62,162,,,,,,,,
c499.119.matrix,61,158,,,,,,,,
c499.120.matrix,65,155,,,,,,,,
c499.121.matrix,73,170,,,,,,,,
c499.122.matrix,73,164,,,,,,,,
c499.123.matrix,40,147,,,,,,,,
c499.124.matrix,64,156,,,,,,,,
c499.125.matrix,66,162,,,,,,,,
c499.126.matrix,63,174,,,,,,,,
c499.127.matrix,53,145,,,,,,,,
c499.128.matrix,78,170,,,,,,,,
c499.129.matrix,67,168,,,,,,,,
c499.130.matrix,73,170,,,,,,,,
c499.131.matrix,67,157,,,,,,,,
c499.132.matrix,73,170,,,,,,,,
c499.133.matrix,83,179,,,,,,,,
c499.134.matrix,76,174,,,,,,,,
c499.135.matrix,59,152,,,,,,,,
c499.136.matrix,67,169,,,,,,,,
c499.137.matrix,74,172,,,,,,,,
c499.138.matrix,44,147,,,,,,,,
c499.139.matrix,62,169,,,,,,,,
c499.140.matrix,84,172,,,,,,,,
c499.141.matrix,87,174,,,,,,,,
c499.142.matrix,93,184,,,,,,,,
c499.143.matrix,81,172,,,,,,,,
c499.144.matrix,74,168,,,,,,,,
c499.145.matrix,65,143,,,,,,,,
c499.146.matrix,70,152,,,,,,,,
c499.147.matrix,85,167,,,,,,,,
c499.148.matrix,66,172,,,,,,,,
c499.149.matrix,64,166,,,,,,,,
c499.150.matrix,85,158,,,,,,,,
c499.151.matrix,94,186,,,,,,,,
c499.152.matrix,68,161,,,,,,,,
c499.153.matrix,86,174,,,,,,,,
c499.154.matrix,90,178,,,,,,,,
c499.155.matrix,83,181,,,,,,,,
c499.156.matrix,76,157,,,,,,,,
c499.157.matrix,90,179,,,,,,,,
c499.158.matrix,85,181,,,,,,,,
c499.159.matrix,97,179,,,,,,,,
c499.160.matrix,99,187,,,,,,,,
c5315.000.matrix,2,17,0.002136707305908203,0.0040361881256103516,0.0006413459777832031,0.0006666183471679688,0.002535104751586914,0.0036089420318603516,0.015510082244873047,0.015543460845947266
c5315.001.matrix,4,15,0.0014026165008544922,0.009664297103881836,0.0006160736083984375,0.0006382465362548828,0.0005681514739990234,0.0038766860961914062,0.0131988525390625,0.013225078582763672
c5315.002.matrix,3,17,0.0020143985748291016,0.003737926483154297,0.0006148815155029297,0.0006380081176757812,0.0005953311920166016,0.002170085906982422,0.014505624771118164,0.014530420303344727
c5315.003.matrix,3,17,0.005860090255737305,0.00765228271484375,0.0006151199340820312,0.0006382465362548828,0.0012364387512207031,0.001260995864868164,0.014622926712036133,0.014645814895629883
c5315.004.matrix,5,14,0.005606412887573242,0.009252309799194336,0.0006349086761474609,0.0006601810455322266,0.0006103515625,0.010123729705810547,0.011530637741088867,0.011586666107177734
c5315.005.matrix,3,51,0.007826089859008789,0.022322654724121094,0.0016987323760986328,0.001722097396850586,0.005239963531494141,0.044035911560058594,0.39560914039611816,0.3956425189971924
c5315.008.matrix,2,41,0.0017123222351074219,0.0017685890197753906,0.0013587474822998047,0.0013914108276367188,0.0012700557708740234,0.0012934207916259766,0.0013728141784667969,0.0013959407806396484
c5315.009.matrix,2,49,0.3561081886291504,0.4177529811859131,0.0025734901428222656,0.4292876720428467,0.31774258613586426,0.432220458984375,0.4158303737640381,0.41591358184814453
c5315.010.matrix,6,219,,,,,,,,
c5315.011.matrix,6,35,1.9687964916229248,14.43159008026123,0.1810753345489502,0.19808650016784668,0.632779598236084,0.6401882171630859,14.904606103897095,14.904638051986694
c5315.012.matrix,5,21,0.2568929195404053,0.5869865417480469,0.051721811294555664,0.05598878860473633,0.05169343948364258,0.05175924301147461,0.7514941692352295,0.7515218257904053
c5315.013.matrix,7,156,,,,,,,,
c5315.014.matrix,5,64,18.521966218948364,21.599292516708374,0.9445269107818604,0.9445583820343018,1.2454371452331543,1.747237205505371,1.2454371452331543,1.747237205505371
c5315.015.matrix,3,15,0.022428512573242188,0.30837249755859375,0.022441864013671875,0.3130350112915039,0.2971227169036865,0.3126969337463379,0.3117492198944092,0.31975769996643066
c5315.018.matrix,5,64,,,,,,,,
c5315.019.matrix,7,115,,,,,,,,
c5315.020.matrix,12,187,,,,,,,,
c5315.021.matrix,9,231,,,,,,,,
c5315.022.matrix,11,210,,,,,,,,
c5315.023.matrix,6,22,1.736020565032959,1.7363250255584717,1.7116665840148926,2.3270623683929443,1.7021598815917969,3.5343399047851562,26.175076723098755,26.175110578536987
c5315.024.matrix,7,116,,,,,,,,
c5315.025.matrix,6,36,19.45179009437561,19.452333688735962,18.82953977584839,18.829582929611206,18.82953977584839,18.829582929611206,18.82953977584839,18.829582929611206
c5315.028.matrix,6,28,5.494906425476074,5.495886564254761,5.424245595932007,6.685968637466431,5.424245595932007,6.685968637466431,5.424245595932007,6.685968637466431
c5315.029.matrix,13,148,,,,,,,,
c5315.030.matrix,10,127,,,,,,,,
c5315.031.matrix,12,213,,,,,,,,
c5315.032.matrix,7,23,,,,,,,,
c5315.033.matrix,7,29,,,,,,,,
c5315.034.matrix,7,38,,,,,,,,
c5315.035.matrix,16,267,,,,,,,,
c5315.038.matrix,7,37,,,,,,,,
c5315.039.matrix,9,25,,,,,,,,
c5315.040.matrix,9,45,,,,,,,,
c5315.041.matrix,10,52,,,,,,,,
c5315.042.matrix,17,268,,,,,,,,
c5315.043.matrix,13,156,,,,,,,,
c5315.044.matrix,18,174,,,,,,,,
c5315.045.matrix,20,412,,,,,,,,
c5315.048.matrix,11,115,,,,,,,,
c5315.049.matrix,10,26,,,,,,,,
c5315.050.matrix,11,28,,,,,,,,
c5315.051.matrix,12,116,,,,,,,,
c5315.052.matrix,19,295,,,,,,,,
c5315.053.matrix,9,72,,,,,,,,
c5315.054.matrix,30,263,,,,,,,,
c5315.055.matrix,22,198,,,,,,,,
c5315.058.matrix,21,369,,,,,,,,
c5315.059.matrix,13,79,,,,,,,,
c5315.060.matrix,18,98,,,,,,,,
c5315.061.matrix,13,117,,,,,,,,
c5315.062.matrix,23,383,,,,,,,,
c5315.063.matrix,33,405,,,,,,,,
c5315.064.matrix,12,65,,,,,,,,
c5315.065.matrix,13,104,,,,,,,,
c5315.068.matrix,14,161,,,,,,,,
c5315.069.matrix,20,297,,,,,,,,
c5315.070.matrix,16,257,,,,,,,,
c5315.071.matrix,10,73,,,,,,,,
c5315.072.matrix,25,198,,,,,,,,
c5315.073.matrix,22,317,,,,,,,,
c5315.074.matrix,20,204,,,,,,,,
c5315.075.matrix,19,100,,,,,,,,
c5315.078.matrix,24,202,,,,,,,,
c5315.079.matrix,21,413,,,,,,,,
c5315.080.matrix,39,612,,,,,,,,
c5315.081.matrix,16,182,,,,,,,,
c5315.082.matrix,26,394,,,,,,,,
c5315.083.matrix,24,320,,,,,,,,
c5315.084.matrix,15,131,,,,,,,,
c5315.085.matrix,28,105,,,,,,,,
c5315.088.matrix,35,410,,,,,,,,
c5315.089.matrix,22,112,,,,,,,,
c5315.090.matrix,12,76,,,,,,,,
c5315.091.matrix,36,411,,,,,,,,
c5315.092.matrix,16,135,,,,,,,,
c5315.094.matrix,29,214,,,,,,,,
c5315.095.matrix,19,193,,,,,,,,
c5315.099.matrix,33,227,,,,,,,,
c5315.100.matrix,21,204,,,,,,,,
c5315.101.matrix,20,86,,,,,,,,
c5315.102.matrix,17,136,,,,,,,,
c5315.103.matrix,18,196,,,,,,,,
c5315.104.matrix,29,280,,,,,,,,
c5315.105.matrix,29,404,,,,,,,,
c5315.108.matrix,17,132,,,,,,,,
c5315.109.matrix,24,116,,,,,,,,
c5315.110.matrix,24,285,,,,,,,,
c5315.111.matrix,31,140,,,,,,,,
c5315.113.matrix,20,195,,,,,,,,
c5315.115.matrix,25,115,,,,,,,,
c5315.118.matrix,23,195,,,,,,,,
c5315.119.matrix,23,213,,,,,,,,
c5315.120.matrix,20,272,,,,,,,,
c5315.121.matrix,40,394,,,,,,,,
c5315.122.matrix,40,515,,,,,,,,
c5315.123.matrix,20,181,,,,,,,,
c5315.124.matrix,13,77,,,,,,,,
c5315.125.matrix,30,121,,,,,,,,
c5315.129.matrix,37,239,,,,,,,,
c5315.130.matrix,23,282,,,,,,,,
c5315.131.matrix,25,205,,,,,,,,
c5315.132.matrix,42,415,,,,,,,,
c5315.133.matrix,26,224,,,,,,,,
c5315.134.matrix,26,200,,,,,,,,
c5315.135.matrix,35,302,,,,,,,,
c5315.139.matrix,33,436,,,,,,,,
c5315.140.matrix,31,138,,,,,,,,
c5315.141.matrix,48,553,,,,,,,,
c5315.142.matrix,23,225,,,,,,,,
c5315.143.matrix,16,88,,,,,,,,
c5315.144.matrix,37,310,,,,,,,,
c5315.145.matrix,38,329,,,,,,,,
c5315.149.matrix,26,235,,,,,,,,
c5315.150.matrix,39,492,,,,,,,,
c5315.151.matrix,34,437,,,,,,,,
c5315.152.matrix,32,142,,,,,,,,
c5315.153.matrix,27,214,,,,,,,,
c5315.154.matrix,25,297,,,,,,,,
c5315.155.matrix,28,133,,,,,,,,
c5315.158.matrix,29,218,,,,,,,,
c5315.159.matrix,23,131,,,,,,,,
c5315.160.matrix,33,246,,,,,,,,
c5315.161.matrix,40,346,,,,,,,,
c5315.162.matrix,32,144,,,,,,,,
c5315.163.matrix,35,438,,,,,,,,
c5315.164.matrix,27,236,,,,,,,,
c5315.165.matrix,27,307,,,,,,,,
c5315.168.matrix,33,244,,,,,,,,
c5315.169.matrix,29,318,,,,,,,,
c5315.170.matrix,35,325,,,,,,,,
c5315.171.matrix,29,240,,,,,,,,
c5315.172.matrix,28,227,,,,,,,,
c5315.173.matrix,18,107,,,,,,,,
c5315.174.matrix,41,402,,,,,,,,
c5315.175.matrix,39,465,,,,,,,,
c5315.178.matrix,36,411,,,,,,,,
c5315.180.matrix,48,358,,,,,,,,
c5315.181.matrix,26,103,,,,,,,,
c5315.183.matrix,34,245,,,,,,,,
c5315.185.matrix,25,228,,,,,,,,
c5315.188.matrix,20,141,,,,,,,,
c5315.189.matrix,33,335,,,,,,,,
c5315.190.matrix,27,115,,,,,,,,
c5315.191.matrix,30,410,,,,,,,,
c5315.192.matrix,38,415,,,,,,,,
c5315.193.matrix,29,350,,,,,,,,
c5315.194.matrix,28,141,,,,,,,,
c5315.198.matrix,33,154,,,,,,,,
c5315.199.matrix,34,355,,,,,,,,
c5315.200.matrix,36,348,,,,,,,,
c5315.201.matrix,51,461,,,,,,,,
c5315.202.matrix,40,426,,,,,,,,
c5315.203.matrix,31,141,,,,,,,,
c5315.204.matrix,21,142,,,,,,,,
c5315.205.matrix,35,159,,,,,,,,
c5315.208.matrix,36,267,,,,,,,,
c5315.209.matrix,25,156,,,,,,,,
c5315.211.matrix,48,400,,,,,,,,
c5315.220.matrix,28,137,,,,,,,,
c5315.222.matrix,45,438,,,,,,,,
c5315.223.matrix,37,181,,,,,,,,
c5315.224.matrix,38,268,,,,,,,,
c5315.228.matrix,37,369,,,,,,,,
c5315.230.matrix,37,183,,,,,,,,
c5315.231.matrix,54,472,,,,,,,,
c5315.233.matrix,35,387,,,,,,,,
c5315.235.matrix,32,416,,,,,,,,
c5315.238.matrix,59,628,,,,,,,,
c5315.239.matrix,40,300,,,,,,,,
c5315.240.matrix,38,183,,,,,,,,
c5315.241.matrix,39,198,,,,,,,,
c5315.242.matrix,47,454,,,,,,,,
c5315.243.matrix,56,480,,,,,,,,
c5315.244.matrix,60,554,,,,,,,,
c5315.249.matrix,48,231,,,,,,,,
c5315.251.matrix,50,496,,,,,,,,
c5315.253.matrix,45,330,,,,,,,,
c5315.254.matrix,62,654,,,,,,,,
c5315.255.matrix,58,451,,,,,,,,
c5315.258.matrix,40,485,,,,,,,,
c5315.259.matrix,36,285,,,,,,,,
c5315.260.matrix,43,375,,,,,,,,
c5315.261.matrix,41,174,,,,,,,,
c5315.263.matrix,34,348,,,,,,,,
c5315.264.matrix,53,509,,,,,,,,
c5315.265.matrix,51,389,,,,,,,,
c5315.270.matrix,54,369,,,,,,,,
c5315.271.matrix,49,367,,,,,,,,
c5315.274.matrix,46,187,,,,,,,,
c5315.275.matrix,37,286,,,,,,,,
c5315.279.matrix,57,523,,,,,,,,
c5315.280.matrix,60,472,,,,,,,,
c5315.281.matrix,55,575,,,,,,,,
c5315.282.matrix,33,176,,,,,,,,
c5315.283.matrix,60,385,,,,,,,,
c5315.284.matrix,61,537,,,,,,,,
c5315.285.matrix,73,514,,,,,,,,
c5315.288.matrix,52,467,,,,,,,,
c5315.289.matrix,42,488,,,,,,,,
c5315.292.matrix,58,604,,,,,,,,
c5315.293.matrix,36,191,,,,,,,,
c5315.294.matrix,53,424,,,,,,,,
c5315.295.matrix,68,629,,,,,,,,
c5315.298.matrix,63,407,,,,,,,,
c5315.300.matrix,48,198,,,,,,,,
c5315.301.matrix,52,238,,,,,,,,
c5315.303.matrix,36,366,,,,,,,,
c5315.304.matrix,41,383,,,,,,,,
c5315.305.matrix,35,264,,,,,,,,
c5315.308.matrix,51,205,,,,,,,,
c5315.309.matrix,49,388,,,,,,,,
c5315.310.matrix,42,409,,,,,,,,
c5315.312.matrix,54,481,,,,,,,,
c5315.314.matrix,53,239,,,,,,,,
c5315.315.matrix,69,788,,,,,,,,
c5315.318.matrix,56,492,,,,,,,,
c5315.319.matrix,46,507,,,,,,,,
c5315.320.matrix,39,266,,,,,,,,
c5315.321.matrix,42,405,,,,,,,,
c5315.323.matrix,55,407,,,,,,,,
c5315.324.matrix,42,210,,,,,,,,
c5315.329.matrix,59,606,,,,,,,,
c5315.330.matrix,54,223,,,,,,,,
c5315.331.matrix,59,497,,,,,,,,
c5315.332.matrix,49,518,,,,,,,,
c5315.333.matrix,56,408,,,,,,,,
c5315.338.matrix,53,253,,,,,,,,
c5315.340.matrix,55,231,,,,,,,,
c5315.343.matrix,52,372,,,,,,,,
c5315.348.matrix,63,502,,,,,,,,
c5315.349.matrix,56,232,,,,,,,,
c5315.351.matrix,59,274,,,,,,,,
c5315.353.matrix,66,638,,,,,,,,
c5315.354.matrix,57,233,,,,,,,,
c5315.355.matrix,54,529,,,,,,,,
c5315.359.matrix,60,408,,,,,,,,
c5315.360.matrix,73,640,,,,,,,,
c5315.361.matrix,71,532,,,,,,,,
c5315.363.matrix,57,449,,,,,,,,
c5315.364.matrix,79,468,,,,,,,,
c5315.365.matrix,60,554,,,,,,,,
c5315.368.matrix,65,470,,,,,,,,
c5315.369.matrix,75,542,,,,,,,,
c5315.370.matrix,61,328,,,,,,,,
c5315.371.matrix,62,563,,,,,,,,
c5315.375.matrix,69,583,,,,,,,,
c5315.378.matrix,75,643,,,,,,,,
c5315.379.matrix,70,585,,,,,,,,
c6288.000.matrix,2,24,0.001043081283569336,0.0015556812286376953,0.0007672309875488281,0.0007891654968261719,0.0007245540618896484,0.0009253025054931641,0.0035555362701416016,0.0035758018493652344
c7552.000.matrix,29,460,,,,,,,,
c7552.001.matrix,6,295,0.4040801525115967,2.361675500869751,0.011470317840576172,0.011505842208862305,0.4030117988586426,1.17940354347229,0.4030117988586426,1.17940354347229
c7552.002.matrix,9,200,,,,,,,,
c7552.003.matrix,11,349,,,,,,,,
c7552.004.matrix,13,379,,,,,,,,
c7552.005.matrix,1,1,0.0004951953887939453,,0.00011992454528808594,,0.00010251998901367188,,0.000102996826171875,
c7552.008.matrix,1,1,0.0004417896270751953,,0.00012063980102539062,,9.775161743164062e-05,,9.989738464355469e-05,
c7552.009.matrix,1,1,0.0004467964172363281,,0.00011038780212402344,,0.00010061264038085938,,9.989738464355469e-05,
c7552.010.matrix,32,588,,,,,,,,
c7552.011.matrix,10,201,,,,,,,,
c7552.012.matrix,2,3,0.0009670257568359375,0.0009944438934326172,0.0005970001220703125,0.0006234645843505859,0.0005617141723632812,0.0005810260772705078,0.0005643367767333984,0.0005900859832763672
c7552.013.matrix,31,463,,,,,,,,
c7552.014.matrix,4,55,0.6086878776550293,0.6087234020233154,0.6310393810272217,0.9506466388702393,4.326098918914795,9.850244760513306,20.097382068634033,20.09741473197937
c7552.015.matrix,7,296,,,,,,,,
c7552.018.matrix,14,390,,,,,,,,
c7552.019.matrix,3,68,1.1575162410736084,1.1575536727905273,1.1212739944458008,1.206345558166504,16.66153120994568,1.206345558166504,16.66153120994568,1.206345558166504
c7552.020.matrix,61,1139,,,,,,,,
c7552.021.matrix,5,56,,,,,,,,
c7552.022.matrix,4,69,,,,,,,,
c7552.023.matrix,35,478,,,,,,,,
c7552.024.matrix,17,389,,,,,,,,
c7552.025.matrix,11,202,,,,,,,,
c7552.028.matrix,4,160,16.694932222366333,16.694962978363037,16.575892210006714,16.694962978363037,16.575892210006714,16.694962978363037,16.575892210006714,16.694962978363037
c7552.029.matrix,45,687,,,,,,,,
c7552.030.matrix,17,463,,,,,,,,
c7552.031.matrix,14,256,,,,,,,,
c7552.032.matrix,37,679,,,,,,,,
c7552.033.matrix,11,404,,,,,,,,
c7552.034.matrix,12,323,,,,,,,,
c7552.035.matrix,34,590,,,,,,,,
c7552.038.matrix,62,1140,,,,,,,,
c7552.039.matrix,18,390,,,,,,,,
c7552.040.matrix,18,464,,,,,,,,
c7552.041.matrix,28,599,,,,,,,,
c7552.042.matrix,8,388,,,,,,,,
c7552.044.matrix,66,925,,,,,,,,
c7552.045.matrix,12,405,,,,,,,,
c7552.048.matrix,13,324,,,,,,,,
c7552.049.matrix,15,258,,,,,,,,
c7552.050.matrix,98,930,,,,,,,,
c7552.051.matrix,33,635,,,,,,,,
c7552.052.matrix,19,545,,,,,,,,
c7552.053.matrix,19,465,,,,,,,,
c7552.054.matrix,23,640,,,,,,,,
c7552.055.matrix,17,303,,,,,,,,
c7552.058.matrix,52,1080,,,,,,,,
c7552.059.matrix,29,600,,,,,,,,
c7552.061.matrix,53,1081,,,,,,,,
c7552.062.matrix,22,377,,,,,,,,
c7552.063.matrix,34,636,,,,,,,,
c7552.064.matrix,44,819,,,,,,,,
c7552.065.matrix,30,601,,,,,,,,
c7552.068.matrix,42,986,,,,,,,,
c7552.069.matrix,28,489,,,,,,,,
c7552.070.matrix,22,396,,,,,,,,
c7552.071.matrix,26,731,,,,,,,,
c7552.072.matrix,35,637,,,,,,,,
c7552.073.matrix,17,618,,,,,,,,
c7552.074.matrix,23,632,,,,,,,,
c7552.075.matrix,30,494,,,,,,,,
c7552.078.matrix,54,1082,,,,,,,,
c7552.079.matrix,43,987,,,,,,,,
c7552.080.matrix,24,581,,,,,,,,
c7552.081.matrix,31,891,,,,,,,,
c7552.083.matrix,20,591,,,,,,,,
c7552.084.matrix,25,679,,,,,,,,
c7552.085.matrix,127,920,,,,,,,,
c7552.088.matrix,24,400,,,,,,,,
c7552.089.matrix,25,853,,,,,,,,
c7552.090.matrix,21,592,,,,,,,,
c7552.092.matrix,50,827,,,,,,,,
c7552.093.matrix,33,653,,,,,,,,
c7552.095.matrix,45,989,,,,,,,,
c7552.098.matrix,55,1148,,,,,,,,
c7552.099.matrix,31,495,,,,,,,,
c7552.100.matrix,26,857,,,,,,,,
c7552.101.matrix,23,595,,,,,,,,
c7552.102.matrix,32,720,,,,,,,,
c7552.103.matrix,56,1149,,,,,,,,
c7552.105.matrix,46,990,,,,,,,,
c7552.109.matrix,29,735,,,,,,,,
c7552.110.matrix,58,777,,,,,,,,
c7552.111.matrix,24,596,,,,,,,,
c7552.113.matrix,29,882,,,,,,,,
c7552.114.matrix,35,655,,,,,,,,
c7552.118.matrix,34,898,,,,,,,,
c7552.119.matrix,47,991,,,,,,,,
c7552.121.matrix,98,1123,,,,,,,,
c7552.122.matrix,56,1062,,,,,,,,
c7552.124.matrix,25,597,,,,,,,,
c7552.125.matrix,45,830,,,,,,,,
c7552.128.matrix,76,1244,,,,,,,,
c7552.129.matrix,35,537,,,,,,,,
c7552.130.matrix,69,1066,,,,,,,,
c7552.131.matrix,92,1339,,,,,,,,
c7552.132.matrix,57,1063,,,,,,,,
c7552.134.matrix,58,1151,,,,,,,,
c7552.135.matrix,48,1007,,,,,,,,
c7552.138.matrix,32,940,,,,,,,,
c7552.139.matrix,50,1108,,,,,,,,
c7552.140.matrix,50,1011,,,,,,,,
c7552.141.matrix,59,1152,,,,,,,,
c7552.142.matrix,142,1391,,,,,,,,
c7552.144.matrix,38,520,,,,,,,,
c7552.148.matrix,94,1247,,,,,,,,
c7552.149.matrix,63,1132,,,,,,,,
c7552.150.matrix,95,1248,,,,,,,,
c7552.151.matrix,184,1130,,,,,,,,
c7552.153.matrix,59,1066,,,,,,,,
c7552.154.matrix,143,1392,,,,,,,,
c7552.158.matrix,61,899,,,,,,,,
c7552.160.matrix,120,1235,,,,,,,,
c7552.161.matrix,121,889,,,,,,,,
c7552.162.matrix,33,615,,,,,,,,
c7552.163.matrix,67,1141,,,,,,,,
c7552.170.matrix,68,1138,,,,,,,,
c7552.171.matrix,60,1173,,,,,,,,
c7552.172.matrix,122,1237,,,,,,,,
c7552.173.matrix,106,1362,,,,,,,,
c7552.174.matrix,94,1168,,,,,,,,
c7552.175.matrix,62,900,,,,,,,,
c7552.178.matrix,103,1470,,,,,,,,
c7552.179.matrix,113,1170,,,,,,,,
c7552.180.matrix,69,1139,,,,,,,,
c7552.181.matrix,87,1290,,,,,,,,
c7552.182.matrix,123,1238,,,,,,,,
c7552.184.matrix,53,1053,,,,,,,,
c7552.188.matrix,61,1174,,,,,,,,
c7552.189.matrix,93,845,,,,,,,,
c7552.190.matrix,103,875,,,,,,,,
c7552.191.matrix,88,874,,,,,,,,
c7552.195.matrix,94,846,,,,,,,,
c7552.199.matrix,64,1260,,,,,,,,
c7552.204.matrix,111,1298,,,,,,,,
c7552.208.matrix,74,1309,,,,,,,,
c7552.209.matrix,42,531,,,,,,,,
c7552.212.matrix,43,532,,,,,,,,
c7552.214.matrix,82,1234,,,,,,,,
c7552.218.matrix,64,1083,,,,,,,,
c7552.219.matrix,99,1463,,,,,,,,
c7552.220.matrix,72,1156,,,,,,,,
c7552.221.matrix,93,710,,,,,,,,
c7552.224.matrix,89,1292,,,,,,,,
c7552.225.matrix,47,524,,,,,,,,
c7552.228.matrix,106,1290,,,,,,,,
c7552.229.matrix,104,878,,,,,,,,
c7552.231.matrix,94,711,,,,,,,,
c7552.232.matrix,78,1209,,,,,,,,
c7552.235.matrix,100,1465,,,,,,,,
c7552.239.matrix,50,532,,,,,,,,
c7552.241.matrix,107,1271,,,,,,,,
c7552.242.matrix,122,1025,,,,,,,,
c7552.248.matrix,87,772,,,,,,,,
c7552.251.matrix,75,1161,,,,,,,,
c7552.252.matrix,123,1380,,,,,,,,
c7552.254.matrix,80,1182,,,,,,,,
c7552.255.matrix,82,1216,,,,,,,,
c7552.258.matrix,107,901,,,,,,,,
c7552.260.matrix,141,1105,,,,,,,,
c7552.262.matrix,108,902,,,,,,,,
c7552.265.matrix,102,1467,,,,,,,,
c7552.275.matrix,127,870,,,,,,,,
c7552.278.matrix,109,904,,,,,,,,
c7552.279.matrix,118,875,,,,,,,,
c7552.281.matrix,113,981,,,,,,,,
c7552.282.matrix,108,1239,,,,,,,,
c7552.284.matrix,117,979,,,,,,,,
c7552.285.matrix,78,912,,,,,,,,
c7552.288.matrix,110,1242,,,,,,,,
c7552.289.matrix,88,1211,,,,,,,,
c7552.299.matrix,101,1335,,,,,,,,
c7552.305.matrix,102,1336,,,,,,,,
c7552.309.matrix,165,842,,,,,,,,
c7552.310.matrix,116,941,,,,,,,,
c7552.311.matrix,106,1129,,,,,,,,
c7552.325.matrix,105,1153,,,,,,,,
c880.000.matrix,1,3,0.00023221969604492188,0.00025725364685058594,0.00017547607421875,0.0001971721649169922,0.0001506805419921875,0.00017023086547851562,0.00015044212341308594,0.00016999244689941406
c880.001.matrix,6,70,0.0037794113159179688,0.005095243453979492,0.0029096603393554688,0.0029342174530029297,0.0028259754180908203,0.0028502941131591797,0.41371750831604004,0.41374874114990234
c880.002.matrix,3,22,0.03529858589172363,0.035323381423950195,0.0008077621459960938,0.0008299350738525391,0.004820823669433594,0.013946294784545898,0.03852677345275879,0.03855276107788086
c880.003.matrix,1,2,0.00016927719116210938,0.00019407272338867188,0.00015115737915039062,0.00017142295837402344,0.0001227855682373047,0.0001418590545654297,0.00012493133544921875,0.00014495849609375
c880.004.matrix,2,5,0.0005023479461669922,0.0005280971527099609,0.00025153160095214844,0.00027489662170410156,0.00023031234741210938,0.0003135204315185547,0.0004322528839111328,0.0004546642303466797
c880.005.matrix,1,3,0.0002205371856689453,0.0002455711364746094,0.0001761913299560547,0.00019860267639160156,0.0001621246337890625,0.00018405914306640625,0.00015926361083984375,0.00018024444580078125
c880.008.matrix,2,28,0.07400918006896973,0.07403349876403809,0.0008778572082519531,0.0008993148803710938,0.003857851028442383,0.0052831172943115234,0.07396316528320312,0.07398843765258789
c880.009.matrix,2,27,0.06630945205688477,0.06633234024047852,0.0008547306060791016,0.0008754730224609375,0.0008013248443603516,0.0008208751678466797,0.06617188453674316,0.06619596481323242
c880.010.matrix,7,76,1.655207872390747,1.6846563816070557,1.6319494247436523,1.6320207118988037,1.6211543083190918,1.6211888790130615,1.610069990158081,1.6100971698760986
c880.011.matrix,5,28,0.7035238742828369,0.7035539150238037,0.1066579818725586,0.10668587684631348,0.10776829719543457,0.10780072212219238,2.1271119117736816,2.127143621444702
c880.012.matrix,3,54,2.9561331272125244,2.956164598464966,0.6135945320129395,0.6136407852172852,0.6042325496673584,0.6042783260345459,0.6003382205963135,0.6003668308258057
c880.013.matrix,3,30,0.32846736907958984,0.32849621772766113,0.12567615509033203,0.12574148178100586,0.12566041946411133,0.1257011890411377,0.8680052757263184,0.8680353164672852
c880.014.matrix,3,34,0.17864632606506348,0.17867279052734375,0.17571687698364258,0.17576909065246582,0.17600417137145996,0.17606544494628906,0.17678093910217285,0.17680740356445312
c880.015.matrix,2,32,0.14733266830444336,0.14735960960388184,0.14832735061645508,0.14835286140441895,0.14809846878051758,0.14812445640563965,0.14694809913635254,0.14697670936584473
c880.018.matrix,7,72,1.4259352684020996,1.452587366104126,1.382908821105957,1.3829493522644043,1.3949518203735352,1.395110845565796,1.3949518203735352,1.395110845565796
c880.019.matrix,4,41,0.297393798828125,0.2974419593811035,0.2871682643890381,0.2872486114501953,0.28705573081970215,0.2871124744415283,0.29518938064575195,0.29521703720092773
c880.020.matrix,10,115,,,,,,,,
c880.021.matrix,4,36,,,,,,,,
c880.022.matrix,4,11,0.13860130310058594,0.1407334804534912,0.08619809150695801,0.0862281322479248,0.08646392822265625,0.08649158477783203,0.08600306510925293,0.0860292911529541
c880.023.matrix,12,152,,,,,,,,
c880.024.matrix,5,33,,,,,,,,
c880.025.matrix,8,44,,,,,,,,
c880.028.matrix,3,36,18.907697677612305,18.907727241516113,18.793023586273193,18.79305362701416,18.818328380584717,18.818363189697266,18.785449266433716,18.785486221313477
c880.029.matrix,6,62,,,,,,,,
c880.030.matrix,4,40,,,,,,,,
c880.031.matrix,5,13,2.3176069259643555,2.33190655708313,1.331596851348877,1.3316287994384766,1.3285834789276123,1.3383643627166748,1.6076061725616455,1.607640266418457
c880.032.matrix,13,155,,,,,,,,
c880.033.matrix,10,98,,,,,,,,
c880.034.matrix,11,118,,,,,,,,
c880.035.matrix,5,38,,,,,,,,
c880.038.matrix,7,35,,,,,,,,
c880.039.matrix,10,61,,,,,,,,
c880.040.matrix,6,40,,,,,,,,
c880.041.matrix,14,158,,,,,,,,
c880.042.matrix,8,68,,,,,,,,
c880.043.matrix,8,37,,,,,,,,
c880.044.matrix,6,45,,,,,,,,
c880.045.matrix,6,66,,,,,,,,
c880.048.matrix,11,101,,,,,,,,
c880.049.matrix,6,16,,,,,,,,
c880.050.matrix,13,147,,,,,,,,
c880.051.matrix,7,47,,,,,,,,
c880.052.matrix,9,72,,,,,,,,
c880.053.matrix,9,41,,,,,,,,
c880.054.matrix,11,104,,,,,,,,
c880.055.matrix,7,18,,,,,,,,
c880.058.matrix,14,135,,,,,,,,
c880.059.matrix,7,43,,,,,,,,
c880.060.matrix,14,151,,,,,,,,
c880.061.matrix,11,55,,,,,,,,
c880.062.matrix,9,106,,,,,,,,
c880.063.matrix,17,166,,,,,,,,
c880.064.matrix,12,106,,,,,,,,
c880.065.matrix,10,43,,,,,,,,
c880.068.matrix,18,158,,,,,,,,
c880.069.matrix,16,91,,,,,,,,
c880.070.matrix,18,169,,,,,,,,
c880.071.matrix,12,95,,,,,,,,
c880.072.matrix,13,85,,,,,,,,
c880.073.matrix,12,84,,,,,,,,
c880.074.matrix,19,160,,,,,,,,
c880.075.matrix,17,93,,,,,,,,
c880.078.matrix,17,174,,,,,,,,
c880.079.matrix,12,124,,,,,,,,
c880.080.matrix,19,178,,,,,,,,
c880.081.matrix,14,88,,,,,,,,
c880.082.matrix,17,106,,,,,,,,
c880.083.matrix,13,100,,,,,,,,
c880.084.matrix,22,164,,,,,,,,
c880.085.matrix,13,127,,,,,,,,
c880.088.matrix,13,166,,,,,,,,
c880.089.matrix,13,55,,,,,,,,
c880.090.matrix,20,155,,,,,,,,
c880.091.matrix,18,110,,,,,,,,
c880.092.matrix,17,145,,,,,,,,
c880.093.matrix,21,183,,,,,,,,
c880.094.matrix,16,96,,,,,,,,
c880.095.matrix,12,63,,,,,,,,
c880.098.matrix,13,155,,,,,,,,
c880.099.matrix,17,102,,,,,,,,
c880.100.matrix,14,102,,,,,,,,
c880.101.matrix,20,152,,,,,,,,
c880.102.matrix,20,109,,,,,,,,
c880.103.matrix,15,133,,,,,,,,
c880.104.matrix,18,172,,,,,,,,
c880.105.matrix,22,111,,,,,,,,
c880.108.matrix,13,66,,,,,,,,
c880.109.matrix,12,136,,,,,,,,
c880.110.matrix,15,116,,,,,,,,
c880.111.matrix,23,187,,,,,,,,
c880.112.matrix,14,91,,,,,,,,
c880.113.matrix,16,128,,,,,,,,
c880.114.matrix,16,135,,,,,,,,
c880.115.matrix,21,154,,,,,,,,
c880.118.matrix,21,137,,,,,,,,
c880.119.matrix,13,138,,,,,,,,
c880.120.matrix,24,116,,,,,,,,
c880.121.matrix,22,140,,,,,,,,
c880.122.matrix,15,97,,,,,,,,
c880.123.matrix,18,186,,,,,,,,
c880.124.matrix,15,181,,,,,,,,
c880.125.matrix,17,124,,,,,,,,
c880.128.matrix,23,158,,,,,,,,
c880.129.matrix,24,217,,,,,,,,
c880.130.matrix,21,175,,,,,,,,
c880.131.matrix,24,142,,,,,,,,
c880.132.matrix,18,128,,,,,,,,
c880.133.matrix,27,193,,,,,,,,
c880.134.matrix,18,101,,,,,,,,
c880.135.matrix,20,144,,,,,,,,
c880.138.matrix,18,158,,,,,,,,
c880.139.matrix,20,231,,,,,,,,
c880.140.matrix,20,192,,,,,,,,
c880.141.matrix,27,180,,,,,,,,
c880.142.matrix,22,177,,,,,,,,
c880.143.matrix,19,184,,,,,,,,
c880.144.matrix,28,222,,,,,,,,
c880.145.matrix,20,106,,,,,,,,
c880.148.matrix,19,130,,,,,,,,
c880.149.matrix,21,233,,,,,,,,
c880.150.matrix,24,179,,,,,,,,
c880.151.matrix,23,202,,,,,,,,
c880.152.matrix,20,133,,,,,,,,
c880.153.matrix,27,172,,,,,,,,
c880.154.matrix,28,182,,,,,,,,
c880.155.matrix,22,236,,,,,,,,
c880.158.matrix,21,171,,,,,,,,
c880.159.matrix,21,194,,,,,,,,
c880.160.matrix,24,204,,,,,,,,
c880.161.matrix,22,197,,,,,,,,
c880.162.matrix,24,130,,,,,,,,
c880.163.matrix,22,184,,,,,,,,
c880.164.matrix,23,239,,,,,,,,
c880.165.matrix,30,196,,,,,,,,
c880.168.matrix,30,227,,,,,,,,
c880.169.matrix,30,193,,,,,,,,
c880.170.matrix,23,199,,,,,,,,
c880.171.matrix,28,229,,,,,,,,
c880.172.matrix,31,199,,,,,,,,
c880.173.matrix,26,185,,,,,,,,
c880.174.matrix,22,142,,,,,,,,
c880.175.matrix,26,134,,,,,,,,
c880.178.matrix,31,229,,,,,,,,
c880.179.matrix,28,238,,,,,,,,
c880.180.matrix,35,233,,,,,,,,
c880.181.matrix,29,241,,,,,,,,
c880.182.matrix,25,244,,,,,,,,
c880.183.matrix,27,188,,,,,,,,
c880.184.matrix,25,199,,,,,,,,
c880.185.matrix,32,232,,,,,,,,
c880.188.matrix,24,146,,,,,,,,
c880.189.matrix,32,201,,,,,,,,
c880.190.matrix,30,245,,,,,,,,
c880.191.matrix,32,158,,,,,,,,
c880.192.matrix,36,236,,,,,,,,
c880.193.matrix,33,258,,,,,,,,
c880.194.matrix,26,202,,,,,,,,
c880.195.matrix,35,205,,,,,,,,
c880.198.matrix,29,192,,,,,,,,
c880.199.matrix,31,236,,,,,,,,
c880.200.matrix,33,161,,,,,,,,
c880.201.matrix,26,178,,,,,,,,
c880.202.matrix,29,206,,,,,,,,
c880.203.matrix,29,199,,,,,,,,
c880.204.matrix,37,272,,,,,,,,
c880.205.matrix,33,249,,,,,,,,
c880.208.matrix,34,261,,,,,,,,
c880.209.matrix,36,208,,,,,,,,
c880.210.matrix,33,288,,,,,,,,
c880.211.matrix,37,210,,,,,,,,
c880.212.matrix,27,184,,,,,,,,
c880.213.matrix,30,210,,,,,,,,
c880.214.matrix,35,272,,,,,,,,
c880.215.matrix,39,242,,,,,,,,
c880.218.matrix,38,274,,,,,,,,
c880.219.matrix,31,203,,,,,,,,
c880.220.matrix,34,227,,,,,,,,
c880.221.matrix,40,244,,,,,,,,
c880.222.matrix,33,214,,,,,,,,
c880.223.matrix,28,190,,,,,,,,
c880.224.matrix,39,236,,,,,,,,
c880.225.matrix,42,302,,,,,,,,
c880.228.matrix,39,277,,,,,,,,
c880.229.matrix,37,201,,,,,,,,
c880.230.matrix,42,246,,,,,,,,
c880.231.matrix,38,226,,,,,,,,
c880.232.matrix,40,265,,,,,,,,
c880.233.matrix,40,239,,,,,,,,
c880.234.matrix,36,238,,,,,,,,
c880.235.matrix,45,300,,,,,,,,
c880.238.matrix,31,216,,,,,,,,
c880.239.matrix,34,217,,,,,,,,
c880.240.matrix,36,260,,,,,,,,
c880.241.matrix,47,304,,,,,,,,
c880.242.matrix,43,249,,,,,,,,
c880.243.matrix,43,269,,,,,,,,
c880.244.matrix,36,227,,,,,,,,
c880.245.matrix,36,239,,,,,,,,
